video_name,frame_paths,frame_numbers,text_label,category_en,light_conditions,weather,scene,source_category
00822.avi,C:\Users\Administrator\Desktop\traffic_accident_project\frames\meta0713\00822\pre_event\00822_pre_01.jpg|C:\Users\Administrator\Desktop\traffic_accident_project\frames\meta0713\00822\pre_event\00822_pre_02.jpg|C:\Users\Administrator\Desktop\traffic_accident_project\frames\meta0713\00822\pre_event\00822_pre_03.jpg|C:\Users\Administrator\Desktop\traffic_accident_project\frames\meta0713\00822\pre_event\00822_pre_04.jpg|C:\Users\Administrator\Desktop\traffic_accident_project\frames\meta0713\00822\pre_event\00822_pre_05.jpg,93|100|106|113|120,"A pre-crash dashcam traffic scene on a urban road, under normal light and cloudy weather, showing a same-direction center rear-end or forward collision conflict.",same-direction center rear-end or forward collision conflict,Normal,Cloudy,Urban,8
00208.avi,C:\Users\Administrator\Desktop\traffic_accident_project\frames\meta0713\00208\pre_event\00208_pre_01.jpg|C:\Users\Administrator\Desktop\traffic_accident_project\frames\meta0713\00208\pre_event\00208_pre_02.jpg|C:\Users\Administrator\Desktop\traffic_accident_project\frames\meta0713\00208\pre_event\00208_pre_03.jpg|C:\Users\Administrator\Desktop\traffic_accident_project\frames\meta0713\00208\pre_event\00208_pre_04.jpg|C:\Users\Administrator\Desktop\traffic_accident_project\frames\meta0713\00208\pre_event\00208_pre_05.jpg,102|106|111|116|120,"A pre-crash dashcam traffic scene on a sub-urban road, under normal light and cloudy weather, showing a opposite-direction frontal center collision conflict.",opposite-direction frontal center collision conflict,Normal,Cloudy,Sub-urban,3
00072.avi,C:\Users\Administrator\Desktop\traffic_accident_project\frames\meta0713\00072\pre_event\00072_pre_01.jpg|C:\Users\Administrator\Desktop\traffic_accident_project\frames\meta0713\00072\pre_event\00072_pre_02.jpg|C:\Users\Administrator\Desktop\traffic_accident_project\frames\meta0713\00072\pre_event\00072_pre_03.jpg|C:\Users\Administrator\Desktop\traffic_accident_project\frames\meta0713\00072\pre_event\00072_pre_04.jpg|C:\Users\Administrator\Desktop\traffic_accident_project\frames\meta0713\00072\pre_event\00072_pre_05.jpg,116|117|118|119|120,"A pre-crash dashcam traffic scene on a urban road, under normal light and clear weather, showing a same-direction right-rear collision conflict.",same-direction right-rear collision conflict,Normal,Clear,Urban,4
00128.avi,C:\Users\Administrator\Desktop\traffic_accident_project\frames\meta0713\00128\pre_event\00128_pre_01.jpg|C:\Users\Administrator\Desktop\traffic_accident_project\frames\meta0713\00128\pre_event\00128_pre_02.jpg|C:\Users\Administrator\Desktop\traffic_accident_project\frames\meta0713\00128\pre_event\00128_pre_03.jpg|C:\Users\Administrator\Desktop\traffic_accident_project\frames\meta0713\00128\pre_event\00128_pre_04.jpg|C:\Users\Administrator\Desktop\traffic_accident_project\frames\meta0713\00128\pre_event\00128_pre_05.jpg,91|98|106|113|120,"A pre-crash dashcam traffic scene on a urban road, under normal light and clear weather, showing a same-direction right-front collision conflict.",same-direction right-front collision conflict,Normal,Clear,Urban,5
00205.avi,C:\Users\Administrator\Desktop\traffic_accident_project\frames\meta0713\00205\pre_event\00205_pre_01.jpg|C:\Users\Administrator\Desktop\traffic_accident_project\frames\meta0713\00205\pre_event\00205_pre_02.jpg|C:\Users\Administrator\Desktop\traffic_accident_project\frames\meta0713\00205\pre_event\00205_pre_03.jpg|C:\Users\Administrator\Desktop\traffic_accident_project\frames\meta0713\00205\pre_event\00205_pre_04.jpg|C:\Users\Administrator\Desktop\traffic_accident_project\frames\meta0713\00205\pre_event\00205_pre_05.jpg,30|52|75|98|120,"A pre-crash dashcam traffic scene on a highway road, under normal light and clear weather, showing a same-direction center rear-end or forward collision conflict.",same-direction center rear-end or forward collision conflict,Normal,Clear,Highway,8
00408.avi,C:\Users\Administrator\Desktop\traffic_accident_project\frames\meta0713\00408\pre_event\00408_pre_01.jpg|C:\Users\Administrator\Desktop\traffic_accident_project\frames\meta0713\00408\pre_event\00408_pre_02.jpg|C:\Users\Administrator\Desktop\traffic_accident_project\frames\meta0713\00408\pre_event\00408_pre_03.jpg|C:\Users\Administrator\Desktop\traffic_accident_project\frames\meta0713\00408\pre_event\00408_pre_04.jpg|C:\Users\Administrator\Desktop\traffic_accident_project\frames\meta0713\00408\pre_event\00408_pre_05.jpg,48|66|84|102|120,"A pre-crash dashcam traffic scene on a urban road, under normal light and clear weather, showing a same-direction left-front collision conflict.",same-direction left-front collision conflict,Normal,Clear,Urban,7
00948.avi,C:\Users\Administrator\Desktop\traffic_accident_project\frames\meta0713\00948\pre_event\00948_pre_01.jpg|C:\Users\Administrator\Desktop\traffic_accident_project\frames\meta0713\00948\pre_event\00948_pre_02.jpg|C:\Users\Administrator\Desktop\traffic_accident_project\frames\meta0713\00948\pre_event\00948_pre_03.jpg|C:\Users\Administrator\Desktop\traffic_accident_project\frames\meta0713\00948\pre_event\00948_pre_04.jpg|C:\Users\Administrator\Desktop\traffic_accident_project\frames\meta0713\00948\pre_event\00948_pre_05.jpg,88|96|104|112|120,"A pre-crash dashcam traffic scene on a sub-urban road, under normal light and clear weather, showing a opposite-direction left-side collision conflict.",opposite-direction left-side collision conflict,Normal,Clear,Sub-urban,2
00457.avi,C:\Users\Administrator\Desktop\traffic_accident_project\frames\meta0713\00457\pre_event\00457_pre_01.jpg|C:\Users\Administrator\Desktop\traffic_accident_project\frames\meta0713\00457\pre_event\00457_pre_02.jpg|C:\Users\Administrator\Desktop\traffic_accident_project\frames\meta0713\00457\pre_event\00457_pre_03.jpg|C:\Users\Administrator\Desktop\traffic_accident_project\frames\meta0713\00457\pre_event\00457_pre_04.jpg|C:\Users\Administrator\Desktop\traffic_accident_project\frames\meta0713\00457\pre_event\00457_pre_05.jpg,113|115|116|118|120,"A pre-crash dashcam traffic scene on a sub-urban road, under normal light and cloudy weather, showing a same-direction left-rear collision conflict.",same-direction left-rear collision conflict,Normal,Cloudy,Sub-urban,6
00471.avi,C:\Users\Administrator\Desktop\traffic_accident_project\frames\meta0713\00471\pre_event\00471_pre_01.jpg|C:\Users\Administrator\Desktop\traffic_accident_project\frames\meta0713\00471\pre_event\00471_pre_02.jpg|C:\Users\Administrator\Desktop\traffic_accident_project\frames\meta0713\00471\pre_event\00471_pre_03.jpg|C:\Users\Administrator\Desktop\traffic_accident_project\frames\meta0713\00471\pre_event\00471_pre_04.jpg|C:\Users\Administrator\Desktop\traffic_accident_project\frames\meta0713\00471\pre_event\00471_pre_05.jpg,74|86|97|108|120,"A pre-crash dashcam traffic scene on a highway road, under normal light and clear weather, showing a same-direction center rear-end or forward collision conflict.",same-direction center rear-end or forward collision conflict,Normal,Clear,Highway,8
00900.avi,C:\Users\Administrator\Desktop\traffic_accident_project\frames\meta0713\00900\pre_event\00900_pre_01.jpg|C:\Users\Administrator\Desktop\traffic_accident_project\frames\meta0713\00900\pre_event\00900_pre_02.jpg|C:\Users\Administrator\Desktop\traffic_accident_project\frames\meta0713\00900\pre_event\00900_pre_03.jpg|C:\Users\Administrator\Desktop\traffic_accident_project\frames\meta0713\00900\pre_event\00900_pre_04.jpg|C:\Users\Administrator\Desktop\traffic_accident_project\frames\meta0713\00900\pre_event\00900_pre_05.jpg,22|46|71|96|120,"A pre-crash dashcam traffic scene on a sub-urban road, under bright light and clear weather, showing a same-direction right-front collision conflict.",same-direction right-front collision conflict,Bright,Clear,Sub-urban,5
00841.avi,C:\Users\Administrator\Desktop\traffic_accident_project\frames\meta0713\00841\pre_event\00841_pre_01.jpg|C:\Users\Administrator\Desktop\traffic_accident_project\frames\meta0713\00841\pre_event\00841_pre_02.jpg|C:\Users\Administrator\Desktop\traffic_accident_project\frames\meta0713\00841\pre_event\00841_pre_03.jpg|C:\Users\Administrator\Desktop\traffic_accident_project\frames\meta0713\00841\pre_event\00841_pre_04.jpg|C:\Users\Administrator\Desktop\traffic_accident_project\frames\meta0713\00841\pre_event\00841_pre_05.jpg,35|56|78|99|120,"A pre-crash dashcam traffic scene on a highway road, under normal light and clear weather, showing a same-direction right-front collision conflict.",same-direction right-front collision conflict,Normal,Clear,Highway,5
00938.avi,C:\Users\Administrator\Desktop\traffic_accident_project\frames\meta0713\00938\pre_event\00938_pre_01.jpg|C:\Users\Administrator\Desktop\traffic_accident_project\frames\meta0713\00938\pre_event\00938_pre_02.jpg|C:\Users\Administrator\Desktop\traffic_accident_project\frames\meta0713\00938\pre_event\00938_pre_03.jpg|C:\Users\Administrator\Desktop\traffic_accident_project\frames\meta0713\00938\pre_event\00938_pre_04.jpg|C:\Users\Administrator\Desktop\traffic_accident_project\frames\meta0713\00938\pre_event\00938_pre_05.jpg,114|116|117|118|120,"A pre-crash dashcam traffic scene on a other road, under normal light and clear weather, showing a opposite-direction left-side collision conflict.",opposite-direction left-side collision conflict,Normal,Clear,Other,2
00884.avi,C:\Users\Administrator\Desktop\traffic_accident_project\frames\meta0713\00884\pre_event\00884_pre_01.jpg|C:\Users\Administrator\Desktop\traffic_accident_project\frames\meta0713\00884\pre_event\00884_pre_02.jpg|C:\Users\Administrator\Desktop\traffic_accident_project\frames\meta0713\00884\pre_event\00884_pre_03.jpg|C:\Users\Administrator\Desktop\traffic_accident_project\frames\meta0713\00884\pre_event\00884_pre_04.jpg|C:\Users\Administrator\Desktop\traffic_accident_project\frames\meta0713\00884\pre_event\00884_pre_05.jpg,70|82|95|108|120,"A pre-crash dashcam traffic scene on a sub-urban road, under normal light and clear weather, showing a opposite-direction right-side collision conflict.",opposite-direction right-side collision conflict,Normal,Clear,Sub-urban,1
00010.avi,C:\Users\Administrator\Desktop\traffic_accident_project\frames\meta0713\00010\pre_event\00010_pre_01.jpg|C:\Users\Administrator\Desktop\traffic_accident_project\frames\meta0713\00010\pre_event\00010_pre_02.jpg|C:\Users\Administrator\Desktop\traffic_accident_project\frames\meta0713\00010\pre_event\00010_pre_03.jpg|C:\Users\Administrator\Desktop\traffic_accident_project\frames\meta0713\00010\pre_event\00010_pre_04.jpg|C:\Users\Administrator\Desktop\traffic_accident_project\frames\meta0713\00010\pre_event\00010_pre_05.jpg,48|66|84|102|120,"A pre-crash dashcam traffic scene on a urban road, under normal light and cloudy weather, showing a opposite-direction left-side collision conflict.",opposite-direction left-side collision conflict,Normal,Cloudy,Urban,2
00927.avi,C:\Users\Administrator\Desktop\traffic_accident_project\frames\meta0713\00927\pre_event\00927_pre_01.jpg|C:\Users\Administrator\Desktop\traffic_accident_project\frames\meta0713\00927\pre_event\00927_pre_02.jpg|C:\Users\Administrator\Desktop\traffic_accident_project\frames\meta0713\00927\pre_event\00927_pre_03.jpg|C:\Users\Administrator\Desktop\traffic_accident_project\frames\meta0713\00927\pre_event\00927_pre_04.jpg|C:\Users\Administrator\Desktop\traffic_accident_project\frames\meta0713\00927\pre_event\00927_pre_05.jpg,11|38|66|93|120,"A pre-crash dashcam traffic scene on a urban road, under dark light and clear weather, showing a same-direction right-front collision conflict.",same-direction right-front collision conflict,Dark,Clear,Urban,5
00516.avi,C:\Users\Administrator\Desktop\traffic_accident_project\frames\meta0713\00516\pre_event\00516_pre_01.jpg|C:\Users\Administrator\Desktop\traffic_accident_project\frames\meta0713\00516\pre_event\00516_pre_02.jpg|C:\Users\Administrator\Desktop\traffic_accident_project\frames\meta0713\00516\pre_event\00516_pre_03.jpg|C:\Users\Administrator\Desktop\traffic_accident_project\frames\meta0713\00516\pre_event\00516_pre_04.jpg|C:\Users\Administrator\Desktop\traffic_accident_project\frames\meta0713\00516\pre_event\00516_pre_05.jpg,90|98|105|112|120,"A pre-crash dashcam traffic scene on a urban road, under normal light and clear weather, showing a same-direction right-front collision conflict.",same-direction right-front collision conflict,Normal,Clear,Urban,5
00903.avi,C:\Users\Administrator\Desktop\traffic_accident_project\frames\meta0713\00903\pre_event\00903_pre_01.jpg|C:\Users\Administrator\Desktop\traffic_accident_project\frames\meta0713\00903\pre_event\00903_pre_02.jpg|C:\Users\Administrator\Desktop\traffic_accident_project\frames\meta0713\00903\pre_event\00903_pre_03.jpg|C:\Users\Administrator\Desktop\traffic_accident_project\frames\meta0713\00903\pre_event\00903_pre_04.jpg|C:\Users\Administrator\Desktop\traffic_accident_project\frames\meta0713\00903\pre_event\00903_pre_05.jpg,33|55|76|98|120,"A pre-crash dashcam traffic scene on a urban road, under normal light and rain weather, showing a opposite-direction left-side collision conflict.",opposite-direction left-side collision conflict,Normal,Rain,Urban,2
00880.avi,C:\Users\Administrator\Desktop\traffic_accident_project\frames\meta0713\00880\pre_event\00880_pre_01.jpg|C:\Users\Administrator\Desktop\traffic_accident_project\frames\meta0713\00880\pre_event\00880_pre_02.jpg|C:\Users\Administrator\Desktop\traffic_accident_project\frames\meta0713\00880\pre_event\00880_pre_03.jpg|C:\Users\Administrator\Desktop\traffic_accident_project\frames\meta0713\00880\pre_event\00880_pre_04.jpg|C:\Users\Administrator\Desktop\traffic_accident_project\frames\meta0713\00880\pre_event\00880_pre_05.jpg,93|100|106|113|120,"A pre-crash dashcam traffic scene on a highway road, under normal light and cloudy weather, showing a same-direction left-rear collision conflict.",same-direction left-rear collision conflict,Normal,Cloudy,Highway,6
00558.avi,C:\Users\Administrator\Desktop\traffic_accident_project\frames\meta0713\00558\pre_event\00558_pre_01.jpg|C:\Users\Administrator\Desktop\traffic_accident_project\frames\meta0713\00558\pre_event\00558_pre_02.jpg|C:\Users\Administrator\Desktop\traffic_accident_project\frames\meta0713\00558\pre_event\00558_pre_03.jpg|C:\Users\Administrator\Desktop\traffic_accident_project\frames\meta0713\00558\pre_event\00558_pre_04.jpg|C:\Users\Administrator\Desktop\traffic_accident_project\frames\meta0713\00558\pre_event\00558_pre_05.jpg,49|67|84|102|120,"A pre-crash dashcam traffic scene on a urban road, under normal light and rain weather, showing a same-direction right-front collision conflict.",same-direction right-front collision conflict,Normal,Rain,Urban,5
00100.avi,C:\Users\Administrator\Desktop\traffic_accident_project\frames\meta0713\00100\pre_event\00100_pre_01.jpg|C:\Users\Administrator\Desktop\traffic_accident_project\frames\meta0713\00100\pre_event\00100_pre_02.jpg|C:\Users\Administrator\Desktop\traffic_accident_project\frames\meta0713\00100\pre_event\00100_pre_03.jpg|C:\Users\Administrator\Desktop\traffic_accident_project\frames\meta0713\00100\pre_event\00100_pre_04.jpg|C:\Users\Administrator\Desktop\traffic_accident_project\frames\meta0713\00100\pre_event\00100_pre_05.jpg,82|92|101|110|120,"A pre-crash dashcam traffic scene on a urban road, under normal light and cloudy weather, showing a same-direction left-front collision conflict.",same-direction left-front collision conflict,Normal,Cloudy,Urban,7
00042.avi,C:\Users\Administrator\Desktop\traffic_accident_project\frames\meta0713\00042\pre_event\00042_pre_01.jpg|C:\Users\Administrator\Desktop\traffic_accident_project\frames\meta0713\00042\pre_event\00042_pre_02.jpg|C:\Users\Administrator\Desktop\traffic_accident_project\frames\meta0713\00042\pre_event\00042_pre_03.jpg|C:\Users\Administrator\Desktop\traffic_accident_project\frames\meta0713\00042\pre_event\00042_pre_04.jpg|C:\Users\Administrator\Desktop\traffic_accident_project\frames\meta0713\00042\pre_event\00042_pre_05.jpg,68|81|94|107|120,"A pre-crash dashcam traffic scene on a urban road, under normal light and clear weather, showing a same-direction right-rear collision conflict.",same-direction right-rear collision conflict,Normal,Clear,Urban,4
00292.avi,C:\Users\Administrator\Desktop\traffic_accident_project\frames\meta0713\00292\pre_event\00292_pre_01.jpg|C:\Users\Administrator\Desktop\traffic_accident_project\frames\meta0713\00292\pre_event\00292_pre_02.jpg|C:\Users\Administrator\Desktop\traffic_accident_project\frames\meta0713\00292\pre_event\00292_pre_03.jpg|C:\Users\Administrator\Desktop\traffic_accident_project\frames\meta0713\00292\pre_event\00292_pre_04.jpg|C:\Users\Administrator\Desktop\traffic_accident_project\frames\meta0713\00292\pre_event\00292_pre_05.jpg,81|91|100|110|120,"A pre-crash dashcam traffic scene on a urban road, under normal light and clear weather, showing a same-direction left-front collision conflict.",same-direction left-front collision conflict,Normal,Clear,Urban,7
01016.avi,C:\Users\Administrator\Desktop\traffic_accident_project\frames\meta0713\01016\pre_event\01016_pre_01.jpg|C:\Users\Administrator\Desktop\traffic_accident_project\frames\meta0713\01016\pre_event\01016_pre_02.jpg|C:\Users\Administrator\Desktop\traffic_accident_project\frames\meta0713\01016\pre_event\01016_pre_03.jpg|C:\Users\Administrator\Desktop\traffic_accident_project\frames\meta0713\01016\pre_event\01016_pre_04.jpg|C:\Users\Administrator\Desktop\traffic_accident_project\frames\meta0713\01016\pre_event\01016_pre_05.jpg,89|97|104|112|120,"A pre-crash dashcam traffic scene on a urban road, under normal light and clear weather, showing a same-direction right-rear collision conflict.",same-direction right-rear collision conflict,Normal,Clear,Urban,4
00336.avi,C:\Users\Administrator\Desktop\traffic_accident_project\frames\meta0713\00336\pre_event\00336_pre_01.jpg|C:\Users\Administrator\Desktop\traffic_accident_project\frames\meta0713\00336\pre_event\00336_pre_02.jpg|C:\Users\Administrator\Desktop\traffic_accident_project\frames\meta0713\00336\pre_event\00336_pre_03.jpg|C:\Users\Administrator\Desktop\traffic_accident_project\frames\meta0713\00336\pre_event\00336_pre_04.jpg|C:\Users\Administrator\Desktop\traffic_accident_project\frames\meta0713\00336\pre_event\00336_pre_05.jpg,94|100|107|114|120,"A pre-crash dashcam traffic scene on a highway road, under normal light and clear weather, showing a same-direction left-rear collision conflict.",same-direction left-rear collision conflict,Normal,Clear,Highway,6
00168.avi,C:\Users\Administrator\Desktop\traffic_accident_project\frames\meta0713\00168\pre_event\00168_pre_01.jpg|C:\Users\Administrator\Desktop\traffic_accident_project\frames\meta0713\00168\pre_event\00168_pre_02.jpg|C:\Users\Administrator\Desktop\traffic_accident_project\frames\meta0713\00168\pre_event\00168_pre_03.jpg|C:\Users\Administrator\Desktop\traffic_accident_project\frames\meta0713\00168\pre_event\00168_pre_04.jpg|C:\Users\Administrator\Desktop\traffic_accident_project\frames\meta0713\00168\pre_event\00168_pre_05.jpg,81|91|100|110|120,"A pre-crash dashcam traffic scene on a urban road, under normal light and cloudy weather, showing a opposite-direction frontal center collision conflict.",opposite-direction frontal center collision conflict,Normal,Cloudy,Urban,3
00600.avi,C:\Users\Administrator\Desktop\traffic_accident_project\frames\meta0713\00600\pre_event\00600_pre_01.jpg|C:\Users\Administrator\Desktop\traffic_accident_project\frames\meta0713\00600\pre_event\00600_pre_02.jpg|C:\Users\Administrator\Desktop\traffic_accident_project\frames\meta0713\00600\pre_event\00600_pre_03.jpg|C:\Users\Administrator\Desktop\traffic_accident_project\frames\meta0713\00600\pre_event\00600_pre_04.jpg|C:\Users\Administrator\Desktop\traffic_accident_project\frames\meta0713\00600\pre_event\00600_pre_05.jpg,15|41|68|94|120,"A pre-crash dashcam traffic scene on a highway road, under normal light and cloudy weather, showing a same-direction center rear-end or forward collision conflict.",same-direction center rear-end or forward collision conflict,Normal,Cloudy,Highway,8
00473.avi,C:\Users\Administrator\Desktop\traffic_accident_project\frames\meta0713\00473\pre_event\00473_pre_01.jpg|C:\Users\Administrator\Desktop\traffic_accident_project\frames\meta0713\00473\pre_event\00473_pre_02.jpg|C:\Users\Administrator\Desktop\traffic_accident_project\frames\meta0713\00473\pre_event\00473_pre_03.jpg|C:\Users\Administrator\Desktop\traffic_accident_project\frames\meta0713\00473\pre_event\00473_pre_04.jpg|C:\Users\Administrator\Desktop\traffic_accident_project\frames\meta0713\00473\pre_event\00473_pre_05.jpg,46|64|83|102|120,"A pre-crash dashcam traffic scene on a highway road, under normal light and rain weather, showing a same-direction center rear-end or forward collision conflict.",same-direction center rear-end or forward collision conflict,Normal,Rain,Highway,8
00515.avi,C:\Users\Administrator\Desktop\traffic_accident_project\frames\meta0713\00515\pre_event\00515_pre_01.jpg|C:\Users\Administrator\Desktop\traffic_accident_project\frames\meta0713\00515\pre_event\00515_pre_02.jpg|C:\Users\Administrator\Desktop\traffic_accident_project\frames\meta0713\00515\pre_event\00515_pre_03.jpg|C:\Users\Administrator\Desktop\traffic_accident_project\frames\meta0713\00515\pre_event\00515_pre_04.jpg|C:\Users\Administrator\Desktop\traffic_accident_project\frames\meta0713\00515\pre_event\00515_pre_05.jpg,59|74|90|105|120,"A pre-crash dashcam traffic scene on a urban road, under normal light and clear weather, showing a same-direction left-front collision conflict.",same-direction left-front collision conflict,Normal,Clear,Urban,7
00348.avi,C:\Users\Administrator\Desktop\traffic_accident_project\frames\meta0713\00348\pre_event\00348_pre_01.jpg|C:\Users\Administrator\Desktop\traffic_accident_project\frames\meta0713\00348\pre_event\00348_pre_02.jpg|C:\Users\Administrator\Desktop\traffic_accident_project\frames\meta0713\00348\pre_event\00348_pre_03.jpg|C:\Users\Administrator\Desktop\traffic_accident_project\frames\meta0713\00348\pre_event\00348_pre_04.jpg|C:\Users\Administrator\Desktop\traffic_accident_project\frames\meta0713\00348\pre_event\00348_pre_05.jpg,70|82|95|108|120,"A pre-crash dashcam traffic scene on a sub-urban road, under normal light and clear weather, showing a opposite-direction frontal center collision conflict.",opposite-direction frontal center collision conflict,Normal,Clear,Sub-urban,3
00487.avi,C:\Users\Administrator\Desktop\traffic_accident_project\frames\meta0713\00487\pre_event\00487_pre_01.jpg|C:\Users\Administrator\Desktop\traffic_accident_project\frames\meta0713\00487\pre_event\00487_pre_02.jpg|C:\Users\Administrator\Desktop\traffic_accident_project\frames\meta0713\00487\pre_event\00487_pre_03.jpg|C:\Users\Administrator\Desktop\traffic_accident_project\frames\meta0713\00487\pre_event\00487_pre_04.jpg|C:\Users\Administrator\Desktop\traffic_accident_project\frames\meta0713\00487\pre_event\00487_pre_05.jpg,93|100|106|113|120,"A pre-crash dashcam traffic scene on a urban road, under normal light and clear weather, showing a opposite-direction left-side collision conflict.",opposite-direction left-side collision conflict,Normal,Clear,Urban,2
00335.avi,C:\Users\Administrator\Desktop\traffic_accident_project\frames\meta0713\00335\pre_event\00335_pre_01.jpg|C:\Users\Administrator\Desktop\traffic_accident_project\frames\meta0713\00335\pre_event\00335_pre_02.jpg|C:\Users\Administrator\Desktop\traffic_accident_project\frames\meta0713\00335\pre_event\00335_pre_03.jpg|C:\Users\Administrator\Desktop\traffic_accident_project\frames\meta0713\00335\pre_event\00335_pre_04.jpg|C:\Users\Administrator\Desktop\traffic_accident_project\frames\meta0713\00335\pre_event\00335_pre_05.jpg,71|83|96|108|120,"A pre-crash dashcam traffic scene on a highway road, under normal light and clear weather, showing a same-direction left-front collision conflict.",same-direction left-front collision conflict,Normal,Clear,Highway,7
00029.avi,C:\Users\Administrator\Desktop\traffic_accident_project\frames\meta0713\00029\pre_event\00029_pre_01.jpg|C:\Users\Administrator\Desktop\traffic_accident_project\frames\meta0713\00029\pre_event\00029_pre_02.jpg|C:\Users\Administrator\Desktop\traffic_accident_project\frames\meta0713\00029\pre_event\00029_pre_03.jpg|C:\Users\Administrator\Desktop\traffic_accident_project\frames\meta0713\00029\pre_event\00029_pre_04.jpg|C:\Users\Administrator\Desktop\traffic_accident_project\frames\meta0713\00029\pre_event\00029_pre_05.jpg,96|102|108|114|120,"A pre-crash dashcam traffic scene on a highway road, under normal light and clear weather, showing a same-direction right-front collision conflict.",same-direction right-front collision conflict,Normal,Clear,Highway,5
00960.avi,C:\Users\Administrator\Desktop\traffic_accident_project\frames\meta0713\00960\pre_event\00960_pre_01.jpg|C:\Users\Administrator\Desktop\traffic_accident_project\frames\meta0713\00960\pre_event\00960_pre_02.jpg|C:\Users\Administrator\Desktop\traffic_accident_project\frames\meta0713\00960\pre_event\00960_pre_03.jpg|C:\Users\Administrator\Desktop\traffic_accident_project\frames\meta0713\00960\pre_event\00960_pre_04.jpg|C:\Users\Administrator\Desktop\traffic_accident_project\frames\meta0713\00960\pre_event\00960_pre_05.jpg,79|89|100|110|120,"A pre-crash dashcam traffic scene on a urban road, under normal light and cloudy weather, showing a same-direction center rear-end or forward collision conflict.",same-direction center rear-end or forward collision conflict,Normal,Cloudy,Urban,8
00980.avi,C:\Users\Administrator\Desktop\traffic_accident_project\frames\meta0713\00980\pre_event\00980_pre_01.jpg|C:\Users\Administrator\Desktop\traffic_accident_project\frames\meta0713\00980\pre_event\00980_pre_02.jpg|C:\Users\Administrator\Desktop\traffic_accident_project\frames\meta0713\00980\pre_event\00980_pre_03.jpg|C:\Users\Administrator\Desktop\traffic_accident_project\frames\meta0713\00980\pre_event\00980_pre_04.jpg|C:\Users\Administrator\Desktop\traffic_accident_project\frames\meta0713\00980\pre_event\00980_pre_05.jpg,90|98|105|112|120,"A pre-crash dashcam traffic scene on a highway road, under normal light and cloudy weather, showing a same-direction left-front collision conflict.",same-direction left-front collision conflict,Normal,Cloudy,Highway,7
00702.avi,C:\Users\Administrator\Desktop\traffic_accident_project\frames\meta0713\00702\pre_event\00702_pre_01.jpg|C:\Users\Administrator\Desktop\traffic_accident_project\frames\meta0713\00702\pre_event\00702_pre_02.jpg|C:\Users\Administrator\Desktop\traffic_accident_project\frames\meta0713\00702\pre_event\00702_pre_03.jpg|C:\Users\Administrator\Desktop\traffic_accident_project\frames\meta0713\00702\pre_event\00702_pre_04.jpg|C:\Users\Administrator\Desktop\traffic_accident_project\frames\meta0713\00702\pre_event\00702_pre_05.jpg,25|49|72|96|120,"A pre-crash dashcam traffic scene on a highway road, under normal light and clear weather, showing a same-direction center rear-end or forward collision conflict.",same-direction center rear-end or forward collision conflict,Normal,Clear,Highway,8
00819.avi,C:\Users\Administrator\Desktop\traffic_accident_project\frames\meta0713\00819\pre_event\00819_pre_01.jpg|C:\Users\Administrator\Desktop\traffic_accident_project\frames\meta0713\00819\pre_event\00819_pre_02.jpg|C:\Users\Administrator\Desktop\traffic_accident_project\frames\meta0713\00819\pre_event\00819_pre_03.jpg|C:\Users\Administrator\Desktop\traffic_accident_project\frames\meta0713\00819\pre_event\00819_pre_04.jpg|C:\Users\Administrator\Desktop\traffic_accident_project\frames\meta0713\00819\pre_event\00819_pre_05.jpg,1|31|60|90|120,"A pre-crash dashcam traffic scene on a highway road, under normal light and clear weather, showing a same-direction center rear-end or forward collision conflict.",same-direction center rear-end or forward collision conflict,Normal,Clear,Highway,8
00617.avi,C:\Users\Administrator\Desktop\traffic_accident_project\frames\meta0713\00617\pre_event\00617_pre_01.jpg|C:\Users\Administrator\Desktop\traffic_accident_project\frames\meta0713\00617\pre_event\00617_pre_02.jpg|C:\Users\Administrator\Desktop\traffic_accident_project\frames\meta0713\00617\pre_event\00617_pre_03.jpg|C:\Users\Administrator\Desktop\traffic_accident_project\frames\meta0713\00617\pre_event\00617_pre_04.jpg|C:\Users\Administrator\Desktop\traffic_accident_project\frames\meta0713\00617\pre_event\00617_pre_05.jpg,83|92|102|111|120,"A pre-crash dashcam traffic scene on a highway road, under dark light and clear weather, showing a same-direction left-rear collision conflict.",same-direction left-rear collision conflict,Dark,Clear,Highway,6
00861.avi,C:\Users\Administrator\Desktop\traffic_accident_project\frames\meta0713\00861\pre_event\00861_pre_01.jpg|C:\Users\Administrator\Desktop\traffic_accident_project\frames\meta0713\00861\pre_event\00861_pre_02.jpg|C:\Users\Administrator\Desktop\traffic_accident_project\frames\meta0713\00861\pre_event\00861_pre_03.jpg|C:\Users\Administrator\Desktop\traffic_accident_project\frames\meta0713\00861\pre_event\00861_pre_04.jpg|C:\Users\Administrator\Desktop\traffic_accident_project\frames\meta0713\00861\pre_event\00861_pre_05.jpg,74|86|97|108|120,"A pre-crash dashcam traffic scene on a sub-urban road, under normal light and clear weather, showing a same-direction right-front collision conflict.",same-direction right-front collision conflict,Normal,Clear,Sub-urban,5
00851.avi,C:\Users\Administrator\Desktop\traffic_accident_project\frames\meta0713\00851\pre_event\00851_pre_01.jpg|C:\Users\Administrator\Desktop\traffic_accident_project\frames\meta0713\00851\pre_event\00851_pre_02.jpg|C:\Users\Administrator\Desktop\traffic_accident_project\frames\meta0713\00851\pre_event\00851_pre_03.jpg|C:\Users\Administrator\Desktop\traffic_accident_project\frames\meta0713\00851\pre_event\00851_pre_04.jpg|C:\Users\Administrator\Desktop\traffic_accident_project\frames\meta0713\00851\pre_event\00851_pre_05.jpg,93|100|106|113|120,"A pre-crash dashcam traffic scene on a highway road, under normal light and cloudy weather, showing a same-direction right-rear collision conflict.",same-direction right-rear collision conflict,Normal,Cloudy,Highway,4
00370.avi,C:\Users\Administrator\Desktop\traffic_accident_project\frames\meta0713\00370\pre_event\00370_pre_01.jpg|C:\Users\Administrator\Desktop\traffic_accident_project\frames\meta0713\00370\pre_event\00370_pre_02.jpg|C:\Users\Administrator\Desktop\traffic_accident_project\frames\meta0713\00370\pre_event\00370_pre_03.jpg|C:\Users\Administrator\Desktop\traffic_accident_project\frames\meta0713\00370\pre_event\00370_pre_04.jpg|C:\Users\Administrator\Desktop\traffic_accident_project\frames\meta0713\00370\pre_event\00370_pre_05.jpg,97|103|108|114|120,"A pre-crash dashcam traffic scene on a urban road, under normal light and rain weather, showing a same-direction left-front collision conflict.",same-direction left-front collision conflict,Normal,Rain,Urban,7
00437.avi,C:\Users\Administrator\Desktop\traffic_accident_project\frames\meta0713\00437\pre_event\00437_pre_01.jpg|C:\Users\Administrator\Desktop\traffic_accident_project\frames\meta0713\00437\pre_event\00437_pre_02.jpg|C:\Users\Administrator\Desktop\traffic_accident_project\frames\meta0713\00437\pre_event\00437_pre_03.jpg|C:\Users\Administrator\Desktop\traffic_accident_project\frames\meta0713\00437\pre_event\00437_pre_04.jpg|C:\Users\Administrator\Desktop\traffic_accident_project\frames\meta0713\00437\pre_event\00437_pre_05.jpg,85|94|102|111|120,"A pre-crash dashcam traffic scene on a urban road, under normal light and clear weather, showing a same-direction center rear-end or forward collision conflict.",same-direction center rear-end or forward collision conflict,Normal,Clear,Urban,8
00077.avi,C:\Users\Administrator\Desktop\traffic_accident_project\frames\meta0713\00077\pre_event\00077_pre_01.jpg|C:\Users\Administrator\Desktop\traffic_accident_project\frames\meta0713\00077\pre_event\00077_pre_02.jpg|C:\Users\Administrator\Desktop\traffic_accident_project\frames\meta0713\00077\pre_event\00077_pre_03.jpg|C:\Users\Administrator\Desktop\traffic_accident_project\frames\meta0713\00077\pre_event\00077_pre_04.jpg|C:\Users\Administrator\Desktop\traffic_accident_project\frames\meta0713\00077\pre_event\00077_pre_05.jpg,52|69|86|103|120,"A pre-crash dashcam traffic scene on a highway road, under normal light and cloudy weather, showing a same-direction right-front collision conflict.",same-direction right-front collision conflict,Normal,Cloudy,Highway,5
00587.avi,C:\Users\Administrator\Desktop\traffic_accident_project\frames\meta0713\00587\pre_event\00587_pre_01.jpg|C:\Users\Administrator\Desktop\traffic_accident_project\frames\meta0713\00587\pre_event\00587_pre_02.jpg|C:\Users\Administrator\Desktop\traffic_accident_project\frames\meta0713\00587\pre_event\00587_pre_03.jpg|C:\Users\Administrator\Desktop\traffic_accident_project\frames\meta0713\00587\pre_event\00587_pre_04.jpg|C:\Users\Administrator\Desktop\traffic_accident_project\frames\meta0713\00587\pre_event\00587_pre_05.jpg,84|93|102|111|120,"A pre-crash dashcam traffic scene on a highway road, under normal light and clear weather, showing a same-direction left-front collision conflict.",same-direction left-front collision conflict,Normal,Clear,Highway,7
01037.avi,C:\Users\Administrator\Desktop\traffic_accident_project\frames\meta0713\01037\pre_event\01037_pre_01.jpg|C:\Users\Administrator\Desktop\traffic_accident_project\frames\meta0713\01037\pre_event\01037_pre_02.jpg|C:\Users\Administrator\Desktop\traffic_accident_project\frames\meta0713\01037\pre_event\01037_pre_03.jpg|C:\Users\Administrator\Desktop\traffic_accident_project\frames\meta0713\01037\pre_event\01037_pre_04.jpg|C:\Users\Administrator\Desktop\traffic_accident_project\frames\meta0713\01037\pre_event\01037_pre_05.jpg,45|64|82|101|120,"A pre-crash dashcam traffic scene on a urban road, under normal light and clear weather, showing a opposite-direction frontal center collision conflict.",opposite-direction frontal center collision conflict,Normal,Clear,Urban,3
00312.avi,C:\Users\Administrator\Desktop\traffic_accident_project\frames\meta0713\00312\pre_event\00312_pre_01.jpg|C:\Users\Administrator\Desktop\traffic_accident_project\frames\meta0713\00312\pre_event\00312_pre_02.jpg|C:\Users\Administrator\Desktop\traffic_accident_project\frames\meta0713\00312\pre_event\00312_pre_03.jpg|C:\Users\Administrator\Desktop\traffic_accident_project\frames\meta0713\00312\pre_event\00312_pre_04.jpg|C:\Users\Administrator\Desktop\traffic_accident_project\frames\meta0713\00312\pre_event\00312_pre_05.jpg,59|74|90|105|120,"A pre-crash dashcam traffic scene on a urban road, under normal light and clear weather, showing a same-direction center rear-end or forward collision conflict.",same-direction center rear-end or forward collision conflict,Normal,Clear,Urban,8
00614.avi,C:\Users\Administrator\Desktop\traffic_accident_project\frames\meta0713\00614\pre_event\00614_pre_01.jpg|C:\Users\Administrator\Desktop\traffic_accident_project\frames\meta0713\00614\pre_event\00614_pre_02.jpg|C:\Users\Administrator\Desktop\traffic_accident_project\frames\meta0713\00614\pre_event\00614_pre_03.jpg|C:\Users\Administrator\Desktop\traffic_accident_project\frames\meta0713\00614\pre_event\00614_pre_04.jpg|C:\Users\Administrator\Desktop\traffic_accident_project\frames\meta0713\00614\pre_event\00614_pre_05.jpg,48|66|84|102|120,"A pre-crash dashcam traffic scene on a urban road, under normal light and cloudy weather, showing a same-direction right-front collision conflict.",same-direction right-front collision conflict,Normal,Cloudy,Urban,5
00963.avi,C:\Users\Administrator\Desktop\traffic_accident_project\frames\meta0713\00963\pre_event\00963_pre_01.jpg|C:\Users\Administrator\Desktop\traffic_accident_project\frames\meta0713\00963\pre_event\00963_pre_02.jpg|C:\Users\Administrator\Desktop\traffic_accident_project\frames\meta0713\00963\pre_event\00963_pre_03.jpg|C:\Users\Administrator\Desktop\traffic_accident_project\frames\meta0713\00963\pre_event\00963_pre_04.jpg|C:\Users\Administrator\Desktop\traffic_accident_project\frames\meta0713\00963\pre_event\00963_pre_05.jpg,71|83|96|108|120,"A pre-crash dashcam traffic scene on a highway road, under normal light and clear weather, showing a same-direction right-front collision conflict.",same-direction right-front collision conflict,Normal,Clear,Highway,5
00450.avi,C:\Users\Administrator\Desktop\traffic_accident_project\frames\meta0713\00450\pre_event\00450_pre_01.jpg|C:\Users\Administrator\Desktop\traffic_accident_project\frames\meta0713\00450\pre_event\00450_pre_02.jpg|C:\Users\Administrator\Desktop\traffic_accident_project\frames\meta0713\00450\pre_event\00450_pre_03.jpg|C:\Users\Administrator\Desktop\traffic_accident_project\frames\meta0713\00450\pre_event\00450_pre_04.jpg|C:\Users\Administrator\Desktop\traffic_accident_project\frames\meta0713\00450\pre_event\00450_pre_05.jpg,79|89|100|110|120,"A pre-crash dashcam traffic scene on a urban road, under normal light and clear weather, showing a same-direction center rear-end or forward collision conflict.",same-direction center rear-end or forward collision conflict,Normal,Clear,Urban,8
00435.avi,C:\Users\Administrator\Desktop\traffic_accident_project\frames\meta0713\00435\pre_event\00435_pre_01.jpg|C:\Users\Administrator\Desktop\traffic_accident_project\frames\meta0713\00435\pre_event\00435_pre_02.jpg|C:\Users\Administrator\Desktop\traffic_accident_project\frames\meta0713\00435\pre_event\00435_pre_03.jpg|C:\Users\Administrator\Desktop\traffic_accident_project\frames\meta0713\00435\pre_event\00435_pre_04.jpg|C:\Users\Administrator\Desktop\traffic_accident_project\frames\meta0713\00435\pre_event\00435_pre_05.jpg,84|93|102|111|120,"A pre-crash dashcam traffic scene on a urban road, under normal light and clear weather, showing a opposite-direction right-side collision conflict.",opposite-direction right-side collision conflict,Normal,Clear,Urban,1
00201.avi,C:\Users\Administrator\Desktop\traffic_accident_project\frames\meta0713\00201\pre_event\00201_pre_01.jpg|C:\Users\Administrator\Desktop\traffic_accident_project\frames\meta0713\00201\pre_event\00201_pre_02.jpg|C:\Users\Administrator\Desktop\traffic_accident_project\frames\meta0713\00201\pre_event\00201_pre_03.jpg|C:\Users\Administrator\Desktop\traffic_accident_project\frames\meta0713\00201\pre_event\00201_pre_04.jpg|C:\Users\Administrator\Desktop\traffic_accident_project\frames\meta0713\00201\pre_event\00201_pre_05.jpg,109|112|114|117|120,"A pre-crash dashcam traffic scene on a urban road, under normal light and clear weather, showing a same-direction right-rear collision conflict.",same-direction right-rear collision conflict,Normal,Clear,Urban,4
00300.avi,C:\Users\Administrator\Desktop\traffic_accident_project\frames\meta0713\00300\pre_event\00300_pre_01.jpg|C:\Users\Administrator\Desktop\traffic_accident_project\frames\meta0713\00300\pre_event\00300_pre_02.jpg|C:\Users\Administrator\Desktop\traffic_accident_project\frames\meta0713\00300\pre_event\00300_pre_03.jpg|C:\Users\Administrator\Desktop\traffic_accident_project\frames\meta0713\00300\pre_event\00300_pre_04.jpg|C:\Users\Administrator\Desktop\traffic_accident_project\frames\meta0713\00300\pre_event\00300_pre_05.jpg,72|84|96|108|120,"A pre-crash dashcam traffic scene on a highway road, under normal light and clear weather, showing a same-direction center rear-end or forward collision conflict.",same-direction center rear-end or forward collision conflict,Normal,Clear,Highway,8
00847.avi,C:\Users\Administrator\Desktop\traffic_accident_project\frames\meta0713\00847\pre_event\00847_pre_01.jpg|C:\Users\Administrator\Desktop\traffic_accident_project\frames\meta0713\00847\pre_event\00847_pre_02.jpg|C:\Users\Administrator\Desktop\traffic_accident_project\frames\meta0713\00847\pre_event\00847_pre_03.jpg|C:\Users\Administrator\Desktop\traffic_accident_project\frames\meta0713\00847\pre_event\00847_pre_04.jpg|C:\Users\Administrator\Desktop\traffic_accident_project\frames\meta0713\00847\pre_event\00847_pre_05.jpg,2|32|61|90|120,"A pre-crash dashcam traffic scene on a urban road, under normal light and cloudy weather, showing a same-direction center rear-end or forward collision conflict.",same-direction center rear-end or forward collision conflict,Normal,Cloudy,Urban,8
00901.avi,C:\Users\Administrator\Desktop\traffic_accident_project\frames\meta0713\00901\pre_event\00901_pre_01.jpg|C:\Users\Administrator\Desktop\traffic_accident_project\frames\meta0713\00901\pre_event\00901_pre_02.jpg|C:\Users\Administrator\Desktop\traffic_accident_project\frames\meta0713\00901\pre_event\00901_pre_03.jpg|C:\Users\Administrator\Desktop\traffic_accident_project\frames\meta0713\00901\pre_event\00901_pre_04.jpg|C:\Users\Administrator\Desktop\traffic_accident_project\frames\meta0713\00901\pre_event\00901_pre_05.jpg,83|92|102|111|120,"A pre-crash dashcam traffic scene on a sub-urban road, under normal light and cloudy weather, showing a same-direction left-front collision conflict.",same-direction left-front collision conflict,Normal,Cloudy,Sub-urban,7
00056.avi,C:\Users\Administrator\Desktop\traffic_accident_project\frames\meta0713\00056\pre_event\00056_pre_01.jpg|C:\Users\Administrator\Desktop\traffic_accident_project\frames\meta0713\00056\pre_event\00056_pre_02.jpg|C:\Users\Administrator\Desktop\traffic_accident_project\frames\meta0713\00056\pre_event\00056_pre_03.jpg|C:\Users\Administrator\Desktop\traffic_accident_project\frames\meta0713\00056\pre_event\00056_pre_04.jpg|C:\Users\Administrator\Desktop\traffic_accident_project\frames\meta0713\00056\pre_event\00056_pre_05.jpg,105|109|112|116|120,"A pre-crash dashcam traffic scene on a urban road, under normal light and clear weather, showing a opposite-direction left-side collision conflict.",opposite-direction left-side collision conflict,Normal,Clear,Urban,2
00604.avi,C:\Users\Administrator\Desktop\traffic_accident_project\frames\meta0713\00604\pre_event\00604_pre_01.jpg|C:\Users\Administrator\Desktop\traffic_accident_project\frames\meta0713\00604\pre_event\00604_pre_02.jpg|C:\Users\Administrator\Desktop\traffic_accident_project\frames\meta0713\00604\pre_event\00604_pre_03.jpg|C:\Users\Administrator\Desktop\traffic_accident_project\frames\meta0713\00604\pre_event\00604_pre_04.jpg|C:\Users\Administrator\Desktop\traffic_accident_project\frames\meta0713\00604\pre_event\00604_pre_05.jpg,84|93|102|111|120,"A pre-crash dashcam traffic scene on a urban road, under normal light and cloudy weather, showing a same-direction left-front collision conflict.",same-direction left-front collision conflict,Normal,Cloudy,Urban,7
00410.avi,C:\Users\Administrator\Desktop\traffic_accident_project\frames\meta0713\00410\pre_event\00410_pre_01.jpg|C:\Users\Administrator\Desktop\traffic_accident_project\frames\meta0713\00410\pre_event\00410_pre_02.jpg|C:\Users\Administrator\Desktop\traffic_accident_project\frames\meta0713\00410\pre_event\00410_pre_03.jpg|C:\Users\Administrator\Desktop\traffic_accident_project\frames\meta0713\00410\pre_event\00410_pre_04.jpg|C:\Users\Administrator\Desktop\traffic_accident_project\frames\meta0713\00410\pre_event\00410_pre_05.jpg,95|101|108|114|120,"A pre-crash dashcam traffic scene on a highway road, under normal light and cloudy weather, showing a same-direction center rear-end or forward collision conflict.",same-direction center rear-end or forward collision conflict,Normal,Cloudy,Highway,8
00190.avi,C:\Users\Administrator\Desktop\traffic_accident_project\frames\meta0713\00190\pre_event\00190_pre_01.jpg|C:\Users\Administrator\Desktop\traffic_accident_project\frames\meta0713\00190\pre_event\00190_pre_02.jpg|C:\Users\Administrator\Desktop\traffic_accident_project\frames\meta0713\00190\pre_event\00190_pre_03.jpg|C:\Users\Administrator\Desktop\traffic_accident_project\frames\meta0713\00190\pre_event\00190_pre_04.jpg|C:\Users\Administrator\Desktop\traffic_accident_project\frames\meta0713\00190\pre_event\00190_pre_05.jpg,30|52|75|98|120,"A pre-crash dashcam traffic scene on a highway road, under normal light and cloudy weather, showing a same-direction left-front collision conflict.",same-direction left-front collision conflict,Normal,Cloudy,Highway,7
00223.avi,C:\Users\Administrator\Desktop\traffic_accident_project\frames\meta0713\00223\pre_event\00223_pre_01.jpg|C:\Users\Administrator\Desktop\traffic_accident_project\frames\meta0713\00223\pre_event\00223_pre_02.jpg|C:\Users\Administrator\Desktop\traffic_accident_project\frames\meta0713\00223\pre_event\00223_pre_03.jpg|C:\Users\Administrator\Desktop\traffic_accident_project\frames\meta0713\00223\pre_event\00223_pre_04.jpg|C:\Users\Administrator\Desktop\traffic_accident_project\frames\meta0713\00223\pre_event\00223_pre_05.jpg,90|98|105|112|120,"A pre-crash dashcam traffic scene on a urban road, under normal light and rain weather, showing a same-direction right-rear collision conflict.",same-direction right-rear collision conflict,Normal,Rain,Urban,4
00284.avi,C:\Users\Administrator\Desktop\traffic_accident_project\frames\meta0713\00284\pre_event\00284_pre_01.jpg|C:\Users\Administrator\Desktop\traffic_accident_project\frames\meta0713\00284\pre_event\00284_pre_02.jpg|C:\Users\Administrator\Desktop\traffic_accident_project\frames\meta0713\00284\pre_event\00284_pre_03.jpg|C:\Users\Administrator\Desktop\traffic_accident_project\frames\meta0713\00284\pre_event\00284_pre_04.jpg|C:\Users\Administrator\Desktop\traffic_accident_project\frames\meta0713\00284\pre_event\00284_pre_05.jpg,85|94|102|111|120,"A pre-crash dashcam traffic scene on a urban road, under normal light and cloudy weather, showing a opposite-direction frontal center collision conflict.",opposite-direction frontal center collision conflict,Normal,Cloudy,Urban,3
00373.avi,C:\Users\Administrator\Desktop\traffic_accident_project\frames\meta0713\00373\pre_event\00373_pre_01.jpg|C:\Users\Administrator\Desktop\traffic_accident_project\frames\meta0713\00373\pre_event\00373_pre_02.jpg|C:\Users\Administrator\Desktop\traffic_accident_project\frames\meta0713\00373\pre_event\00373_pre_03.jpg|C:\Users\Administrator\Desktop\traffic_accident_project\frames\meta0713\00373\pre_event\00373_pre_04.jpg|C:\Users\Administrator\Desktop\traffic_accident_project\frames\meta0713\00373\pre_event\00373_pre_05.jpg,75|86|98|109|120,"A pre-crash dashcam traffic scene on a urban road, under twilight light and cloudy weather, showing a same-direction left-rear collision conflict.",same-direction left-rear collision conflict,Twilight,Cloudy,Urban,6
00037.avi,C:\Users\Administrator\Desktop\traffic_accident_project\frames\meta0713\00037\pre_event\00037_pre_01.jpg|C:\Users\Administrator\Desktop\traffic_accident_project\frames\meta0713\00037\pre_event\00037_pre_02.jpg|C:\Users\Administrator\Desktop\traffic_accident_project\frames\meta0713\00037\pre_event\00037_pre_03.jpg|C:\Users\Administrator\Desktop\traffic_accident_project\frames\meta0713\00037\pre_event\00037_pre_04.jpg|C:\Users\Administrator\Desktop\traffic_accident_project\frames\meta0713\00037\pre_event\00037_pre_05.jpg,93|100|106|113|120,"A pre-crash dashcam traffic scene on a urban road, under normal light and clear weather, showing a opposite-direction left-side collision conflict.",opposite-direction left-side collision conflict,Normal,Clear,Urban,2
00890.avi,C:\Users\Administrator\Desktop\traffic_accident_project\frames\meta0713\00890\pre_event\00890_pre_01.jpg|C:\Users\Administrator\Desktop\traffic_accident_project\frames\meta0713\00890\pre_event\00890_pre_02.jpg|C:\Users\Administrator\Desktop\traffic_accident_project\frames\meta0713\00890\pre_event\00890_pre_03.jpg|C:\Users\Administrator\Desktop\traffic_accident_project\frames\meta0713\00890\pre_event\00890_pre_04.jpg|C:\Users\Administrator\Desktop\traffic_accident_project\frames\meta0713\00890\pre_event\00890_pre_05.jpg,38|58|79|100|120,"A pre-crash dashcam traffic scene on a urban road, under normal light and cloudy weather, showing a opposite-direction frontal center collision conflict.",opposite-direction frontal center collision conflict,Normal,Cloudy,Urban,3
00371.avi,C:\Users\Administrator\Desktop\traffic_accident_project\frames\meta0713\00371\pre_event\00371_pre_01.jpg|C:\Users\Administrator\Desktop\traffic_accident_project\frames\meta0713\00371\pre_event\00371_pre_02.jpg|C:\Users\Administrator\Desktop\traffic_accident_project\frames\meta0713\00371\pre_event\00371_pre_03.jpg|C:\Users\Administrator\Desktop\traffic_accident_project\frames\meta0713\00371\pre_event\00371_pre_04.jpg|C:\Users\Administrator\Desktop\traffic_accident_project\frames\meta0713\00371\pre_event\00371_pre_05.jpg,97|103|108|114|120,"A pre-crash dashcam traffic scene on a urban road, under normal light and clear weather, showing a opposite-direction left-side collision conflict.",opposite-direction left-side collision conflict,Normal,Clear,Urban,2
00434.avi,C:\Users\Administrator\Desktop\traffic_accident_project\frames\meta0713\00434\pre_event\00434_pre_01.jpg|C:\Users\Administrator\Desktop\traffic_accident_project\frames\meta0713\00434\pre_event\00434_pre_02.jpg|C:\Users\Administrator\Desktop\traffic_accident_project\frames\meta0713\00434\pre_event\00434_pre_03.jpg|C:\Users\Administrator\Desktop\traffic_accident_project\frames\meta0713\00434\pre_event\00434_pre_04.jpg|C:\Users\Administrator\Desktop\traffic_accident_project\frames\meta0713\00434\pre_event\00434_pre_05.jpg,77|88|98|109|120,"A pre-crash dashcam traffic scene on a sub-urban road, under normal light and cloudy weather, showing a opposite-direction right-side collision conflict.",opposite-direction right-side collision conflict,Normal,Cloudy,Sub-urban,1
00665.avi,C:\Users\Administrator\Desktop\traffic_accident_project\frames\meta0713\00665\pre_event\00665_pre_01.jpg|C:\Users\Administrator\Desktop\traffic_accident_project\frames\meta0713\00665\pre_event\00665_pre_02.jpg|C:\Users\Administrator\Desktop\traffic_accident_project\frames\meta0713\00665\pre_event\00665_pre_03.jpg|C:\Users\Administrator\Desktop\traffic_accident_project\frames\meta0713\00665\pre_event\00665_pre_04.jpg|C:\Users\Administrator\Desktop\traffic_accident_project\frames\meta0713\00665\pre_event\00665_pre_05.jpg,67|80|94|107|120,"A pre-crash dashcam traffic scene on a urban road, under twilight light and clear weather, showing a same-direction center rear-end or forward collision conflict.",same-direction center rear-end or forward collision conflict,Twilight,Clear,Urban,8
00401.avi,C:\Users\Administrator\Desktop\traffic_accident_project\frames\meta0713\00401\pre_event\00401_pre_01.jpg|C:\Users\Administrator\Desktop\traffic_accident_project\frames\meta0713\00401\pre_event\00401_pre_02.jpg|C:\Users\Administrator\Desktop\traffic_accident_project\frames\meta0713\00401\pre_event\00401_pre_03.jpg|C:\Users\Administrator\Desktop\traffic_accident_project\frames\meta0713\00401\pre_event\00401_pre_04.jpg|C:\Users\Administrator\Desktop\traffic_accident_project\frames\meta0713\00401\pre_event\00401_pre_05.jpg,100|105|110|115|120,"A pre-crash dashcam traffic scene on a urban road, under normal light and clear weather, showing a same-direction left-rear collision conflict.",same-direction left-rear collision conflict,Normal,Clear,Urban,6
00985.avi,C:\Users\Administrator\Desktop\traffic_accident_project\frames\meta0713\00985\pre_event\00985_pre_01.jpg|C:\Users\Administrator\Desktop\traffic_accident_project\frames\meta0713\00985\pre_event\00985_pre_02.jpg|C:\Users\Administrator\Desktop\traffic_accident_project\frames\meta0713\00985\pre_event\00985_pre_03.jpg|C:\Users\Administrator\Desktop\traffic_accident_project\frames\meta0713\00985\pre_event\00985_pre_04.jpg|C:\Users\Administrator\Desktop\traffic_accident_project\frames\meta0713\00985\pre_event\00985_pre_05.jpg,63|77|92|106|120,"A pre-crash dashcam traffic scene on a sub-urban road, under normal light and clear weather, showing a opposite-direction left-side collision conflict.",opposite-direction left-side collision conflict,Normal,Clear,Sub-urban,2
00123.avi,C:\Users\Administrator\Desktop\traffic_accident_project\frames\meta0713\00123\pre_event\00123_pre_01.jpg|C:\Users\Administrator\Desktop\traffic_accident_project\frames\meta0713\00123\pre_event\00123_pre_02.jpg|C:\Users\Administrator\Desktop\traffic_accident_project\frames\meta0713\00123\pre_event\00123_pre_03.jpg|C:\Users\Administrator\Desktop\traffic_accident_project\frames\meta0713\00123\pre_event\00123_pre_04.jpg|C:\Users\Administrator\Desktop\traffic_accident_project\frames\meta0713\00123\pre_event\00123_pre_05.jpg,79|89|100|110|120,"A pre-crash dashcam traffic scene on a urban road, under normal light and rain weather, showing a same-direction left-front collision conflict.",same-direction left-front collision conflict,Normal,Rain,Urban,7
00771.avi,C:\Users\Administrator\Desktop\traffic_accident_project\frames\meta0713\00771\pre_event\00771_pre_01.jpg|C:\Users\Administrator\Desktop\traffic_accident_project\frames\meta0713\00771\pre_event\00771_pre_02.jpg|C:\Users\Administrator\Desktop\traffic_accident_project\frames\meta0713\00771\pre_event\00771_pre_03.jpg|C:\Users\Administrator\Desktop\traffic_accident_project\frames\meta0713\00771\pre_event\00771_pre_04.jpg|C:\Users\Administrator\Desktop\traffic_accident_project\frames\meta0713\00771\pre_event\00771_pre_05.jpg,75|86|98|109|120,"A pre-crash dashcam traffic scene on a urban road, under normal light and cloudy weather, showing a same-direction center rear-end or forward collision conflict.",same-direction center rear-end or forward collision conflict,Normal,Cloudy,Urban,8
00455.avi,C:\Users\Administrator\Desktop\traffic_accident_project\frames\meta0713\00455\pre_event\00455_pre_01.jpg|C:\Users\Administrator\Desktop\traffic_accident_project\frames\meta0713\00455\pre_event\00455_pre_02.jpg|C:\Users\Administrator\Desktop\traffic_accident_project\frames\meta0713\00455\pre_event\00455_pre_03.jpg|C:\Users\Administrator\Desktop\traffic_accident_project\frames\meta0713\00455\pre_event\00455_pre_04.jpg|C:\Users\Administrator\Desktop\traffic_accident_project\frames\meta0713\00455\pre_event\00455_pre_05.jpg,78|88|99|110|120,"A pre-crash dashcam traffic scene on a urban road, under normal light and clear weather, showing a same-direction left-rear collision conflict.",same-direction left-rear collision conflict,Normal,Clear,Urban,6
00677.avi,C:\Users\Administrator\Desktop\traffic_accident_project\frames\meta0713\00677\pre_event\00677_pre_01.jpg|C:\Users\Administrator\Desktop\traffic_accident_project\frames\meta0713\00677\pre_event\00677_pre_02.jpg|C:\Users\Administrator\Desktop\traffic_accident_project\frames\meta0713\00677\pre_event\00677_pre_03.jpg|C:\Users\Administrator\Desktop\traffic_accident_project\frames\meta0713\00677\pre_event\00677_pre_04.jpg|C:\Users\Administrator\Desktop\traffic_accident_project\frames\meta0713\00677\pre_event\00677_pre_05.jpg,86|94|103|112|120,"A pre-crash dashcam traffic scene on a urban road, under normal light and rain weather, showing a same-direction right-front collision conflict.",same-direction right-front collision conflict,Normal,Rain,Urban,5
00695.avi,C:\Users\Administrator\Desktop\traffic_accident_project\frames\meta0713\00695\pre_event\00695_pre_01.jpg|C:\Users\Administrator\Desktop\traffic_accident_project\frames\meta0713\00695\pre_event\00695_pre_02.jpg|C:\Users\Administrator\Desktop\traffic_accident_project\frames\meta0713\00695\pre_event\00695_pre_03.jpg|C:\Users\Administrator\Desktop\traffic_accident_project\frames\meta0713\00695\pre_event\00695_pre_04.jpg|C:\Users\Administrator\Desktop\traffic_accident_project\frames\meta0713\00695\pre_event\00695_pre_05.jpg,27|50|74|97|120,"A pre-crash dashcam traffic scene on a urban road, under normal light and clear weather, showing a same-direction left-front collision conflict.",same-direction left-front collision conflict,Normal,Clear,Urban,7
00079.avi,C:\Users\Administrator\Desktop\traffic_accident_project\frames\meta0713\00079\pre_event\00079_pre_01.jpg|C:\Users\Administrator\Desktop\traffic_accident_project\frames\meta0713\00079\pre_event\00079_pre_02.jpg|C:\Users\Administrator\Desktop\traffic_accident_project\frames\meta0713\00079\pre_event\00079_pre_03.jpg|C:\Users\Administrator\Desktop\traffic_accident_project\frames\meta0713\00079\pre_event\00079_pre_04.jpg|C:\Users\Administrator\Desktop\traffic_accident_project\frames\meta0713\00079\pre_event\00079_pre_05.jpg,90|98|105|112|120,"A pre-crash dashcam traffic scene on a urban road, under normal light and clear weather, showing a same-direction center rear-end or forward collision conflict.",same-direction center rear-end or forward collision conflict,Normal,Clear,Urban,8
00334.avi,C:\Users\Administrator\Desktop\traffic_accident_project\frames\meta0713\00334\pre_event\00334_pre_01.jpg|C:\Users\Administrator\Desktop\traffic_accident_project\frames\meta0713\00334\pre_event\00334_pre_02.jpg|C:\Users\Administrator\Desktop\traffic_accident_project\frames\meta0713\00334\pre_event\00334_pre_03.jpg|C:\Users\Administrator\Desktop\traffic_accident_project\frames\meta0713\00334\pre_event\00334_pre_04.jpg|C:\Users\Administrator\Desktop\traffic_accident_project\frames\meta0713\00334\pre_event\00334_pre_05.jpg,100|105|110|115|120,"A pre-crash dashcam traffic scene on a highway road, under normal light and cloudy weather, showing a same-direction left-front collision conflict.",same-direction left-front collision conflict,Normal,Cloudy,Highway,7
00751.avi,C:\Users\Administrator\Desktop\traffic_accident_project\frames\meta0713\00751\pre_event\00751_pre_01.jpg|C:\Users\Administrator\Desktop\traffic_accident_project\frames\meta0713\00751\pre_event\00751_pre_02.jpg|C:\Users\Administrator\Desktop\traffic_accident_project\frames\meta0713\00751\pre_event\00751_pre_03.jpg|C:\Users\Administrator\Desktop\traffic_accident_project\frames\meta0713\00751\pre_event\00751_pre_04.jpg|C:\Users\Administrator\Desktop\traffic_accident_project\frames\meta0713\00751\pre_event\00751_pre_05.jpg,84|93|102|111|120,"A pre-crash dashcam traffic scene on a sub-urban road, under normal light and cloudy weather, showing a opposite-direction left-side collision conflict.",opposite-direction left-side collision conflict,Normal,Cloudy,Sub-urban,2
00430.avi,C:\Users\Administrator\Desktop\traffic_accident_project\frames\meta0713\00430\pre_event\00430_pre_01.jpg|C:\Users\Administrator\Desktop\traffic_accident_project\frames\meta0713\00430\pre_event\00430_pre_02.jpg|C:\Users\Administrator\Desktop\traffic_accident_project\frames\meta0713\00430\pre_event\00430_pre_03.jpg|C:\Users\Administrator\Desktop\traffic_accident_project\frames\meta0713\00430\pre_event\00430_pre_04.jpg|C:\Users\Administrator\Desktop\traffic_accident_project\frames\meta0713\00430\pre_event\00430_pre_05.jpg,94|100|107|114|120,"A pre-crash dashcam traffic scene on a urban road, under normal light and cloudy weather, showing a same-direction center rear-end or forward collision conflict.",same-direction center rear-end or forward collision conflict,Normal,Cloudy,Urban,8
00461.avi,C:\Users\Administrator\Desktop\traffic_accident_project\frames\meta0713\00461\pre_event\00461_pre_01.jpg|C:\Users\Administrator\Desktop\traffic_accident_project\frames\meta0713\00461\pre_event\00461_pre_02.jpg|C:\Users\Administrator\Desktop\traffic_accident_project\frames\meta0713\00461\pre_event\00461_pre_03.jpg|C:\Users\Administrator\Desktop\traffic_accident_project\frames\meta0713\00461\pre_event\00461_pre_04.jpg|C:\Users\Administrator\Desktop\traffic_accident_project\frames\meta0713\00461\pre_event\00461_pre_05.jpg,57|73|88|104|120,"A pre-crash dashcam traffic scene on a highway road, under dark light and cloudy weather, showing a same-direction center rear-end or forward collision conflict.",same-direction center rear-end or forward collision conflict,Dark,Cloudy,Highway,8
00381.avi,C:\Users\Administrator\Desktop\traffic_accident_project\frames\meta0713\00381\pre_event\00381_pre_01.jpg|C:\Users\Administrator\Desktop\traffic_accident_project\frames\meta0713\00381\pre_event\00381_pre_02.jpg|C:\Users\Administrator\Desktop\traffic_accident_project\frames\meta0713\00381\pre_event\00381_pre_03.jpg|C:\Users\Administrator\Desktop\traffic_accident_project\frames\meta0713\00381\pre_event\00381_pre_04.jpg|C:\Users\Administrator\Desktop\traffic_accident_project\frames\meta0713\00381\pre_event\00381_pre_05.jpg,91|98|106|113|120,"A pre-crash dashcam traffic scene on a urban road, under normal light and clear weather, showing a same-direction right-front collision conflict.",same-direction right-front collision conflict,Normal,Clear,Urban,5
00090.avi,C:\Users\Administrator\Desktop\traffic_accident_project\frames\meta0713\00090\pre_event\00090_pre_01.jpg|C:\Users\Administrator\Desktop\traffic_accident_project\frames\meta0713\00090\pre_event\00090_pre_02.jpg|C:\Users\Administrator\Desktop\traffic_accident_project\frames\meta0713\00090\pre_event\00090_pre_03.jpg|C:\Users\Administrator\Desktop\traffic_accident_project\frames\meta0713\00090\pre_event\00090_pre_04.jpg|C:\Users\Administrator\Desktop\traffic_accident_project\frames\meta0713\00090\pre_event\00090_pre_05.jpg,91|98|106|113|120,"A pre-crash dashcam traffic scene on a urban road, under normal light and cloudy weather, showing a opposite-direction left-side collision conflict.",opposite-direction left-side collision conflict,Normal,Cloudy,Urban,2
00645.avi,C:\Users\Administrator\Desktop\traffic_accident_project\frames\meta0713\00645\pre_event\00645_pre_01.jpg|C:\Users\Administrator\Desktop\traffic_accident_project\frames\meta0713\00645\pre_event\00645_pre_02.jpg|C:\Users\Administrator\Desktop\traffic_accident_project\frames\meta0713\00645\pre_event\00645_pre_03.jpg|C:\Users\Administrator\Desktop\traffic_accident_project\frames\meta0713\00645\pre_event\00645_pre_04.jpg|C:\Users\Administrator\Desktop\traffic_accident_project\frames\meta0713\00645\pre_event\00645_pre_05.jpg,62|76|91|106|120,"A pre-crash dashcam traffic scene on a sub-urban road, under normal light and cloudy weather, showing a same-direction center rear-end or forward collision conflict.",same-direction center rear-end or forward collision conflict,Normal,Cloudy,Sub-urban,8
00132.avi,C:\Users\Administrator\Desktop\traffic_accident_project\frames\meta0713\00132\pre_event\00132_pre_01.jpg|C:\Users\Administrator\Desktop\traffic_accident_project\frames\meta0713\00132\pre_event\00132_pre_02.jpg|C:\Users\Administrator\Desktop\traffic_accident_project\frames\meta0713\00132\pre_event\00132_pre_03.jpg|C:\Users\Administrator\Desktop\traffic_accident_project\frames\meta0713\00132\pre_event\00132_pre_04.jpg|C:\Users\Administrator\Desktop\traffic_accident_project\frames\meta0713\00132\pre_event\00132_pre_05.jpg,93|100|106|113|120,"A pre-crash dashcam traffic scene on a urban road, under normal light and clear weather, showing a opposite-direction left-side collision conflict.",opposite-direction left-side collision conflict,Normal,Clear,Urban,2
01036.avi,C:\Users\Administrator\Desktop\traffic_accident_project\frames\meta0713\01036\pre_event\01036_pre_01.jpg|C:\Users\Administrator\Desktop\traffic_accident_project\frames\meta0713\01036\pre_event\01036_pre_02.jpg|C:\Users\Administrator\Desktop\traffic_accident_project\frames\meta0713\01036\pre_event\01036_pre_03.jpg|C:\Users\Administrator\Desktop\traffic_accident_project\frames\meta0713\01036\pre_event\01036_pre_04.jpg|C:\Users\Administrator\Desktop\traffic_accident_project\frames\meta0713\01036\pre_event\01036_pre_05.jpg,53|70|86|103|120,"A pre-crash dashcam traffic scene on a urban road, under normal light and rain weather, showing a same-direction center rear-end or forward collision conflict.",same-direction center rear-end or forward collision conflict,Normal,Rain,Urban,8
00605.avi,C:\Users\Administrator\Desktop\traffic_accident_project\frames\meta0713\00605\pre_event\00605_pre_01.jpg|C:\Users\Administrator\Desktop\traffic_accident_project\frames\meta0713\00605\pre_event\00605_pre_02.jpg|C:\Users\Administrator\Desktop\traffic_accident_project\frames\meta0713\00605\pre_event\00605_pre_03.jpg|C:\Users\Administrator\Desktop\traffic_accident_project\frames\meta0713\00605\pre_event\00605_pre_04.jpg|C:\Users\Administrator\Desktop\traffic_accident_project\frames\meta0713\00605\pre_event\00605_pre_05.jpg,76|87|98|109|120,"A pre-crash dashcam traffic scene on a sub-urban road, under normal light and clear weather, showing a opposite-direction left-side collision conflict.",opposite-direction left-side collision conflict,Normal,Clear,Sub-urban,2
00719.avi,C:\Users\Administrator\Desktop\traffic_accident_project\frames\meta0713\00719\pre_event\00719_pre_01.jpg|C:\Users\Administrator\Desktop\traffic_accident_project\frames\meta0713\00719\pre_event\00719_pre_02.jpg|C:\Users\Administrator\Desktop\traffic_accident_project\frames\meta0713\00719\pre_event\00719_pre_03.jpg|C:\Users\Administrator\Desktop\traffic_accident_project\frames\meta0713\00719\pre_event\00719_pre_04.jpg|C:\Users\Administrator\Desktop\traffic_accident_project\frames\meta0713\00719\pre_event\00719_pre_05.jpg,26|50|73|96|120,"A pre-crash dashcam traffic scene on a urban road, under normal light and clear weather, showing a same-direction center rear-end or forward collision conflict.",same-direction center rear-end or forward collision conflict,Normal,Clear,Urban,8
00813.avi,C:\Users\Administrator\Desktop\traffic_accident_project\frames\meta0713\00813\pre_event\00813_pre_01.jpg|C:\Users\Administrator\Desktop\traffic_accident_project\frames\meta0713\00813\pre_event\00813_pre_02.jpg|C:\Users\Administrator\Desktop\traffic_accident_project\frames\meta0713\00813\pre_event\00813_pre_03.jpg|C:\Users\Administrator\Desktop\traffic_accident_project\frames\meta0713\00813\pre_event\00813_pre_04.jpg|C:\Users\Administrator\Desktop\traffic_accident_project\frames\meta0713\00813\pre_event\00813_pre_05.jpg,51|68|86|103|120,"A pre-crash dashcam traffic scene on a urban road, under normal light and clear weather, showing a same-direction right-front collision conflict.",same-direction right-front collision conflict,Normal,Clear,Urban,5
00295.avi,C:\Users\Administrator\Desktop\traffic_accident_project\frames\meta0713\00295\pre_event\00295_pre_01.jpg|C:\Users\Administrator\Desktop\traffic_accident_project\frames\meta0713\00295\pre_event\00295_pre_02.jpg|C:\Users\Administrator\Desktop\traffic_accident_project\frames\meta0713\00295\pre_event\00295_pre_03.jpg|C:\Users\Administrator\Desktop\traffic_accident_project\frames\meta0713\00295\pre_event\00295_pre_04.jpg|C:\Users\Administrator\Desktop\traffic_accident_project\frames\meta0713\00295\pre_event\00295_pre_05.jpg,92|99|106|113|120,"A pre-crash dashcam traffic scene on a urban road, under normal light and cloudy weather, showing a same-direction left-front collision conflict.",same-direction left-front collision conflict,Normal,Cloudy,Urban,7
00773.avi,C:\Users\Administrator\Desktop\traffic_accident_project\frames\meta0713\00773\pre_event\00773_pre_01.jpg|C:\Users\Administrator\Desktop\traffic_accident_project\frames\meta0713\00773\pre_event\00773_pre_02.jpg|C:\Users\Administrator\Desktop\traffic_accident_project\frames\meta0713\00773\pre_event\00773_pre_03.jpg|C:\Users\Administrator\Desktop\traffic_accident_project\frames\meta0713\00773\pre_event\00773_pre_04.jpg|C:\Users\Administrator\Desktop\traffic_accident_project\frames\meta0713\00773\pre_event\00773_pre_05.jpg,86|94|103|112|120,"A pre-crash dashcam traffic scene on a highway road, under twilight light and clear weather, showing a same-direction right-front collision conflict.",same-direction right-front collision conflict,Twilight,Clear,Highway,5
00656.avi,C:\Users\Administrator\Desktop\traffic_accident_project\frames\meta0713\00656\pre_event\00656_pre_01.jpg|C:\Users\Administrator\Desktop\traffic_accident_project\frames\meta0713\00656\pre_event\00656_pre_02.jpg|C:\Users\Administrator\Desktop\traffic_accident_project\frames\meta0713\00656\pre_event\00656_pre_03.jpg|C:\Users\Administrator\Desktop\traffic_accident_project\frames\meta0713\00656\pre_event\00656_pre_04.jpg|C:\Users\Administrator\Desktop\traffic_accident_project\frames\meta0713\00656\pre_event\00656_pre_05.jpg,78|88|99|110|120,"A pre-crash dashcam traffic scene on a urban road, under twilight light and clear weather, showing a same-direction left-front collision conflict.",same-direction left-front collision conflict,Twilight,Clear,Urban,7
00588.avi,C:\Users\Administrator\Desktop\traffic_accident_project\frames\meta0713\00588\pre_event\00588_pre_01.jpg|C:\Users\Administrator\Desktop\traffic_accident_project\frames\meta0713\00588\pre_event\00588_pre_02.jpg|C:\Users\Administrator\Desktop\traffic_accident_project\frames\meta0713\00588\pre_event\00588_pre_03.jpg|C:\Users\Administrator\Desktop\traffic_accident_project\frames\meta0713\00588\pre_event\00588_pre_04.jpg|C:\Users\Administrator\Desktop\traffic_accident_project\frames\meta0713\00588\pre_event\00588_pre_05.jpg,66|80|93|106|120,"A pre-crash dashcam traffic scene on a highway road, under dark light and clear weather, showing a same-direction right-front collision conflict.",same-direction right-front collision conflict,Dark,Clear,Highway,5
00540.avi,C:\Users\Administrator\Desktop\traffic_accident_project\frames\meta0713\00540\pre_event\00540_pre_01.jpg|C:\Users\Administrator\Desktop\traffic_accident_project\frames\meta0713\00540\pre_event\00540_pre_02.jpg|C:\Users\Administrator\Desktop\traffic_accident_project\frames\meta0713\00540\pre_event\00540_pre_03.jpg|C:\Users\Administrator\Desktop\traffic_accident_project\frames\meta0713\00540\pre_event\00540_pre_04.jpg|C:\Users\Administrator\Desktop\traffic_accident_project\frames\meta0713\00540\pre_event\00540_pre_05.jpg,102|106|111|116|120,"A pre-crash dashcam traffic scene on a urban road, under normal light and clear weather, showing a opposite-direction right-side collision conflict.",opposite-direction right-side collision conflict,Normal,Clear,Urban,1
00557.avi,C:\Users\Administrator\Desktop\traffic_accident_project\frames\meta0713\00557\pre_event\00557_pre_01.jpg|C:\Users\Administrator\Desktop\traffic_accident_project\frames\meta0713\00557\pre_event\00557_pre_02.jpg|C:\Users\Administrator\Desktop\traffic_accident_project\frames\meta0713\00557\pre_event\00557_pre_03.jpg|C:\Users\Administrator\Desktop\traffic_accident_project\frames\meta0713\00557\pre_event\00557_pre_04.jpg|C:\Users\Administrator\Desktop\traffic_accident_project\frames\meta0713\00557\pre_event\00557_pre_05.jpg,78|88|99|110|120,"A pre-crash dashcam traffic scene on a urban road, under twilight light and clear weather, showing a same-direction left-front collision conflict.",same-direction left-front collision conflict,Twilight,Clear,Urban,7
00563.avi,C:\Users\Administrator\Desktop\traffic_accident_project\frames\meta0713\00563\pre_event\00563_pre_01.jpg|C:\Users\Administrator\Desktop\traffic_accident_project\frames\meta0713\00563\pre_event\00563_pre_02.jpg|C:\Users\Administrator\Desktop\traffic_accident_project\frames\meta0713\00563\pre_event\00563_pre_03.jpg|C:\Users\Administrator\Desktop\traffic_accident_project\frames\meta0713\00563\pre_event\00563_pre_04.jpg|C:\Users\Administrator\Desktop\traffic_accident_project\frames\meta0713\00563\pre_event\00563_pre_05.jpg,58|74|89|104|120,"A pre-crash dashcam traffic scene on a urban road, under normal light and clear weather, showing a same-direction right-front collision conflict.",same-direction right-front collision conflict,Normal,Clear,Urban,5
01000.avi,C:\Users\Administrator\Desktop\traffic_accident_project\frames\meta0713\01000\pre_event\01000_pre_01.jpg|C:\Users\Administrator\Desktop\traffic_accident_project\frames\meta0713\01000\pre_event\01000_pre_02.jpg|C:\Users\Administrator\Desktop\traffic_accident_project\frames\meta0713\01000\pre_event\01000_pre_03.jpg|C:\Users\Administrator\Desktop\traffic_accident_project\frames\meta0713\01000\pre_event\01000_pre_04.jpg|C:\Users\Administrator\Desktop\traffic_accident_project\frames\meta0713\01000\pre_event\01000_pre_05.jpg,96|102|108|114|120,"A pre-crash dashcam traffic scene on a rural road, under normal light and cloudy weather, showing a opposite-direction right-side collision conflict.",opposite-direction right-side collision conflict,Normal,Cloudy,Rural,1
00949.avi,C:\Users\Administrator\Desktop\traffic_accident_project\frames\meta0713\00949\pre_event\00949_pre_01.jpg|C:\Users\Administrator\Desktop\traffic_accident_project\frames\meta0713\00949\pre_event\00949_pre_02.jpg|C:\Users\Administrator\Desktop\traffic_accident_project\frames\meta0713\00949\pre_event\00949_pre_03.jpg|C:\Users\Administrator\Desktop\traffic_accident_project\frames\meta0713\00949\pre_event\00949_pre_04.jpg|C:\Users\Administrator\Desktop\traffic_accident_project\frames\meta0713\00949\pre_event\00949_pre_05.jpg,38|58|79|100|120,"A pre-crash dashcam traffic scene on a urban road, under normal light and clear weather, showing a same-direction left-front collision conflict.",same-direction left-front collision conflict,Normal,Clear,Urban,7
00591.avi,C:\Users\Administrator\Desktop\traffic_accident_project\frames\meta0713\00591\pre_event\00591_pre_01.jpg|C:\Users\Administrator\Desktop\traffic_accident_project\frames\meta0713\00591\pre_event\00591_pre_02.jpg|C:\Users\Administrator\Desktop\traffic_accident_project\frames\meta0713\00591\pre_event\00591_pre_03.jpg|C:\Users\Administrator\Desktop\traffic_accident_project\frames\meta0713\00591\pre_event\00591_pre_04.jpg|C:\Users\Administrator\Desktop\traffic_accident_project\frames\meta0713\00591\pre_event\00591_pre_05.jpg,91|98|106|113|120,"A pre-crash dashcam traffic scene on a urban road, under normal light and clear weather, showing a same-direction center rear-end or forward collision conflict.",same-direction center rear-end or forward collision conflict,Normal,Clear,Urban,8
00755.avi,C:\Users\Administrator\Desktop\traffic_accident_project\frames\meta0713\00755\pre_event\00755_pre_01.jpg|C:\Users\Administrator\Desktop\traffic_accident_project\frames\meta0713\00755\pre_event\00755_pre_02.jpg|C:\Users\Administrator\Desktop\traffic_accident_project\frames\meta0713\00755\pre_event\00755_pre_03.jpg|C:\Users\Administrator\Desktop\traffic_accident_project\frames\meta0713\00755\pre_event\00755_pre_04.jpg|C:\Users\Administrator\Desktop\traffic_accident_project\frames\meta0713\00755\pre_event\00755_pre_05.jpg,96|102|108|114|120,"A pre-crash dashcam traffic scene on a highway road, under normal light and clear weather, showing a same-direction right-rear collision conflict.",same-direction right-rear collision conflict,Normal,Clear,Highway,4
00932.avi,C:\Users\Administrator\Desktop\traffic_accident_project\frames\meta0713\00932\pre_event\00932_pre_01.jpg|C:\Users\Administrator\Desktop\traffic_accident_project\frames\meta0713\00932\pre_event\00932_pre_02.jpg|C:\Users\Administrator\Desktop\traffic_accident_project\frames\meta0713\00932\pre_event\00932_pre_03.jpg|C:\Users\Administrator\Desktop\traffic_accident_project\frames\meta0713\00932\pre_event\00932_pre_04.jpg|C:\Users\Administrator\Desktop\traffic_accident_project\frames\meta0713\00932\pre_event\00932_pre_05.jpg,1|31|60|90|120,"A pre-crash dashcam traffic scene on a urban road, under normal light and clear weather, showing a opposite-direction frontal center collision conflict.",opposite-direction frontal center collision conflict,Normal,Clear,Urban,3
00727.avi,C:\Users\Administrator\Desktop\traffic_accident_project\frames\meta0713\00727\pre_event\00727_pre_01.jpg|C:\Users\Administrator\Desktop\traffic_accident_project\frames\meta0713\00727\pre_event\00727_pre_02.jpg|C:\Users\Administrator\Desktop\traffic_accident_project\frames\meta0713\00727\pre_event\00727_pre_03.jpg|C:\Users\Administrator\Desktop\traffic_accident_project\frames\meta0713\00727\pre_event\00727_pre_04.jpg|C:\Users\Administrator\Desktop\traffic_accident_project\frames\meta0713\00727\pre_event\00727_pre_05.jpg,51|68|86|103|120,"A pre-crash dashcam traffic scene on a highway road, under normal light and cloudy weather, showing a opposite-direction left-side collision conflict.",opposite-direction left-side collision conflict,Normal,Cloudy,Highway,2
00263.avi,C:\Users\Administrator\Desktop\traffic_accident_project\frames\meta0713\00263\pre_event\00263_pre_01.jpg|C:\Users\Administrator\Desktop\traffic_accident_project\frames\meta0713\00263\pre_event\00263_pre_02.jpg|C:\Users\Administrator\Desktop\traffic_accident_project\frames\meta0713\00263\pre_event\00263_pre_03.jpg|C:\Users\Administrator\Desktop\traffic_accident_project\frames\meta0713\00263\pre_event\00263_pre_04.jpg|C:\Users\Administrator\Desktop\traffic_accident_project\frames\meta0713\00263\pre_event\00263_pre_05.jpg,98|104|109|114|120,"A pre-crash dashcam traffic scene on a urban road, under normal light and rain weather, showing a same-direction right-rear collision conflict.",same-direction right-rear collision conflict,Normal,Rain,Urban,4
00921.avi,C:\Users\Administrator\Desktop\traffic_accident_project\frames\meta0713\00921\pre_event\00921_pre_01.jpg|C:\Users\Administrator\Desktop\traffic_accident_project\frames\meta0713\00921\pre_event\00921_pre_02.jpg|C:\Users\Administrator\Desktop\traffic_accident_project\frames\meta0713\00921\pre_event\00921_pre_03.jpg|C:\Users\Administrator\Desktop\traffic_accident_project\frames\meta0713\00921\pre_event\00921_pre_04.jpg|C:\Users\Administrator\Desktop\traffic_accident_project\frames\meta0713\00921\pre_event\00921_pre_05.jpg,68|81|94|107|120,"A pre-crash dashcam traffic scene on a sub-urban road, under normal light and clear weather, showing a opposite-direction frontal center collision conflict.",opposite-direction frontal center collision conflict,Normal,Clear,Sub-urban,3
00066.avi,C:\Users\Administrator\Desktop\traffic_accident_project\frames\meta0713\00066\pre_event\00066_pre_01.jpg|C:\Users\Administrator\Desktop\traffic_accident_project\frames\meta0713\00066\pre_event\00066_pre_02.jpg|C:\Users\Administrator\Desktop\traffic_accident_project\frames\meta0713\00066\pre_event\00066_pre_03.jpg|C:\Users\Administrator\Desktop\traffic_accident_project\frames\meta0713\00066\pre_event\00066_pre_04.jpg|C:\Users\Administrator\Desktop\traffic_accident_project\frames\meta0713\00066\pre_event\00066_pre_05.jpg,92|99|106|113|120,"A pre-crash dashcam traffic scene on a urban road, under normal light and rain weather, showing a opposite-direction right-side collision conflict.",opposite-direction right-side collision conflict,Normal,Rain,Urban,1
00431.avi,C:\Users\Administrator\Desktop\traffic_accident_project\frames\meta0713\00431\pre_event\00431_pre_01.jpg|C:\Users\Administrator\Desktop\traffic_accident_project\frames\meta0713\00431\pre_event\00431_pre_02.jpg|C:\Users\Administrator\Desktop\traffic_accident_project\frames\meta0713\00431\pre_event\00431_pre_03.jpg|C:\Users\Administrator\Desktop\traffic_accident_project\frames\meta0713\00431\pre_event\00431_pre_04.jpg|C:\Users\Administrator\Desktop\traffic_accident_project\frames\meta0713\00431\pre_event\00431_pre_05.jpg,79|89|100|110|120,"A pre-crash dashcam traffic scene on a highway road, under normal light and clear weather, showing a same-direction center rear-end or forward collision conflict.",same-direction center rear-end or forward collision conflict,Normal,Clear,Highway,8
00152.avi,C:\Users\Administrator\Desktop\traffic_accident_project\frames\meta0713\00152\pre_event\00152_pre_01.jpg|C:\Users\Administrator\Desktop\traffic_accident_project\frames\meta0713\00152\pre_event\00152_pre_02.jpg|C:\Users\Administrator\Desktop\traffic_accident_project\frames\meta0713\00152\pre_event\00152_pre_03.jpg|C:\Users\Administrator\Desktop\traffic_accident_project\frames\meta0713\00152\pre_event\00152_pre_04.jpg|C:\Users\Administrator\Desktop\traffic_accident_project\frames\meta0713\00152\pre_event\00152_pre_05.jpg,75|86|98|109|120,"A pre-crash dashcam traffic scene on a urban road, under normal light and cloudy weather, showing a same-direction right-front collision conflict.",same-direction right-front collision conflict,Normal,Cloudy,Urban,5
00577.avi,C:\Users\Administrator\Desktop\traffic_accident_project\frames\meta0713\00577\pre_event\00577_pre_01.jpg|C:\Users\Administrator\Desktop\traffic_accident_project\frames\meta0713\00577\pre_event\00577_pre_02.jpg|C:\Users\Administrator\Desktop\traffic_accident_project\frames\meta0713\00577\pre_event\00577_pre_03.jpg|C:\Users\Administrator\Desktop\traffic_accident_project\frames\meta0713\00577\pre_event\00577_pre_04.jpg|C:\Users\Administrator\Desktop\traffic_accident_project\frames\meta0713\00577\pre_event\00577_pre_05.jpg,82|92|101|110|120,"A pre-crash dashcam traffic scene on a urban road, under normal light and clear weather, showing a same-direction right-front collision conflict.",same-direction right-front collision conflict,Normal,Clear,Urban,5
00845.avi,C:\Users\Administrator\Desktop\traffic_accident_project\frames\meta0713\00845\pre_event\00845_pre_01.jpg|C:\Users\Administrator\Desktop\traffic_accident_project\frames\meta0713\00845\pre_event\00845_pre_02.jpg|C:\Users\Administrator\Desktop\traffic_accident_project\frames\meta0713\00845\pre_event\00845_pre_03.jpg|C:\Users\Administrator\Desktop\traffic_accident_project\frames\meta0713\00845\pre_event\00845_pre_04.jpg|C:\Users\Administrator\Desktop\traffic_accident_project\frames\meta0713\00845\pre_event\00845_pre_05.jpg,81|91|100|110|120,"A pre-crash dashcam traffic scene on a urban road, under normal light and clear weather, showing a same-direction right-front collision conflict.",same-direction right-front collision conflict,Normal,Clear,Urban,5
00776.avi,C:\Users\Administrator\Desktop\traffic_accident_project\frames\meta0713\00776\pre_event\00776_pre_01.jpg|C:\Users\Administrator\Desktop\traffic_accident_project\frames\meta0713\00776\pre_event\00776_pre_02.jpg|C:\Users\Administrator\Desktop\traffic_accident_project\frames\meta0713\00776\pre_event\00776_pre_03.jpg|C:\Users\Administrator\Desktop\traffic_accident_project\frames\meta0713\00776\pre_event\00776_pre_04.jpg|C:\Users\Administrator\Desktop\traffic_accident_project\frames\meta0713\00776\pre_event\00776_pre_05.jpg,73|85|96|108|120,"A pre-crash dashcam traffic scene on a urban road, under twilight light and clear weather, showing a same-direction right-front collision conflict.",same-direction right-front collision conflict,Twilight,Clear,Urban,5
00520.avi,C:\Users\Administrator\Desktop\traffic_accident_project\frames\meta0713\00520\pre_event\00520_pre_01.jpg|C:\Users\Administrator\Desktop\traffic_accident_project\frames\meta0713\00520\pre_event\00520_pre_02.jpg|C:\Users\Administrator\Desktop\traffic_accident_project\frames\meta0713\00520\pre_event\00520_pre_03.jpg|C:\Users\Administrator\Desktop\traffic_accident_project\frames\meta0713\00520\pre_event\00520_pre_04.jpg|C:\Users\Administrator\Desktop\traffic_accident_project\frames\meta0713\00520\pre_event\00520_pre_05.jpg,74|86|97|108|120,"A pre-crash dashcam traffic scene on a urban road, under normal light and cloudy weather, showing a opposite-direction left-side collision conflict.",opposite-direction left-side collision conflict,Normal,Cloudy,Urban,2
00761.avi,C:\Users\Administrator\Desktop\traffic_accident_project\frames\meta0713\00761\pre_event\00761_pre_01.jpg|C:\Users\Administrator\Desktop\traffic_accident_project\frames\meta0713\00761\pre_event\00761_pre_02.jpg|C:\Users\Administrator\Desktop\traffic_accident_project\frames\meta0713\00761\pre_event\00761_pre_03.jpg|C:\Users\Administrator\Desktop\traffic_accident_project\frames\meta0713\00761\pre_event\00761_pre_04.jpg|C:\Users\Administrator\Desktop\traffic_accident_project\frames\meta0713\00761\pre_event\00761_pre_05.jpg,84|93|102|111|120,"A pre-crash dashcam traffic scene on a sub-urban road, under normal light and cloudy weather, showing a opposite-direction right-side collision conflict.",opposite-direction right-side collision conflict,Normal,Cloudy,Sub-urban,1
00590.avi,C:\Users\Administrator\Desktop\traffic_accident_project\frames\meta0713\00590\pre_event\00590_pre_01.jpg|C:\Users\Administrator\Desktop\traffic_accident_project\frames\meta0713\00590\pre_event\00590_pre_02.jpg|C:\Users\Administrator\Desktop\traffic_accident_project\frames\meta0713\00590\pre_event\00590_pre_03.jpg|C:\Users\Administrator\Desktop\traffic_accident_project\frames\meta0713\00590\pre_event\00590_pre_04.jpg|C:\Users\Administrator\Desktop\traffic_accident_project\frames\meta0713\00590\pre_event\00590_pre_05.jpg,68|81|94|107|120,"A pre-crash dashcam traffic scene on a urban road, under normal light and clear weather, showing a same-direction center rear-end or forward collision conflict.",same-direction center rear-end or forward collision conflict,Normal,Clear,Urban,8
00802.avi,C:\Users\Administrator\Desktop\traffic_accident_project\frames\meta0713\00802\pre_event\00802_pre_01.jpg|C:\Users\Administrator\Desktop\traffic_accident_project\frames\meta0713\00802\pre_event\00802_pre_02.jpg|C:\Users\Administrator\Desktop\traffic_accident_project\frames\meta0713\00802\pre_event\00802_pre_03.jpg|C:\Users\Administrator\Desktop\traffic_accident_project\frames\meta0713\00802\pre_event\00802_pre_04.jpg|C:\Users\Administrator\Desktop\traffic_accident_project\frames\meta0713\00802\pre_event\00802_pre_05.jpg,89|97|104|112|120,"A pre-crash dashcam traffic scene on a urban road, under normal light and cloudy weather, showing a opposite-direction right-side collision conflict.",opposite-direction right-side collision conflict,Normal,Cloudy,Urban,1
00666.avi,C:\Users\Administrator\Desktop\traffic_accident_project\frames\meta0713\00666\pre_event\00666_pre_01.jpg|C:\Users\Administrator\Desktop\traffic_accident_project\frames\meta0713\00666\pre_event\00666_pre_02.jpg|C:\Users\Administrator\Desktop\traffic_accident_project\frames\meta0713\00666\pre_event\00666_pre_03.jpg|C:\Users\Administrator\Desktop\traffic_accident_project\frames\meta0713\00666\pre_event\00666_pre_04.jpg|C:\Users\Administrator\Desktop\traffic_accident_project\frames\meta0713\00666\pre_event\00666_pre_05.jpg,75|86|98|109|120,"A pre-crash dashcam traffic scene on a highway road, under normal light and clear weather, showing a same-direction center rear-end or forward collision conflict.",same-direction center rear-end or forward collision conflict,Normal,Clear,Highway,8
00791.avi,C:\Users\Administrator\Desktop\traffic_accident_project\frames\meta0713\00791\pre_event\00791_pre_01.jpg|C:\Users\Administrator\Desktop\traffic_accident_project\frames\meta0713\00791\pre_event\00791_pre_02.jpg|C:\Users\Administrator\Desktop\traffic_accident_project\frames\meta0713\00791\pre_event\00791_pre_03.jpg|C:\Users\Administrator\Desktop\traffic_accident_project\frames\meta0713\00791\pre_event\00791_pre_04.jpg|C:\Users\Administrator\Desktop\traffic_accident_project\frames\meta0713\00791\pre_event\00791_pre_05.jpg,86|94|103|112|120,"A pre-crash dashcam traffic scene on a urban road, under normal light and clear weather, showing a same-direction center rear-end or forward collision conflict.",same-direction center rear-end or forward collision conflict,Normal,Clear,Urban,8
00004.avi,C:\Users\Administrator\Desktop\traffic_accident_project\frames\meta0713\00004\pre_event\00004_pre_01.jpg|C:\Users\Administrator\Desktop\traffic_accident_project\frames\meta0713\00004\pre_event\00004_pre_02.jpg|C:\Users\Administrator\Desktop\traffic_accident_project\frames\meta0713\00004\pre_event\00004_pre_03.jpg|C:\Users\Administrator\Desktop\traffic_accident_project\frames\meta0713\00004\pre_event\00004_pre_04.jpg|C:\Users\Administrator\Desktop\traffic_accident_project\frames\meta0713\00004\pre_event\00004_pre_05.jpg,114|116|117|118|120,"A pre-crash dashcam traffic scene on a urban road, under normal light and cloudy weather, showing a same-direction right-rear collision conflict.",same-direction right-rear collision conflict,Normal,Cloudy,Urban,4
00319.avi,C:\Users\Administrator\Desktop\traffic_accident_project\frames\meta0713\00319\pre_event\00319_pre_01.jpg|C:\Users\Administrator\Desktop\traffic_accident_project\frames\meta0713\00319\pre_event\00319_pre_02.jpg|C:\Users\Administrator\Desktop\traffic_accident_project\frames\meta0713\00319\pre_event\00319_pre_03.jpg|C:\Users\Administrator\Desktop\traffic_accident_project\frames\meta0713\00319\pre_event\00319_pre_04.jpg|C:\Users\Administrator\Desktop\traffic_accident_project\frames\meta0713\00319\pre_event\00319_pre_05.jpg,103|107|112|116|120,"A pre-crash dashcam traffic scene on a urban road, under normal light and clear weather, showing a opposite-direction right-side collision conflict.",opposite-direction right-side collision conflict,Normal,Clear,Urban,1
00202.avi,C:\Users\Administrator\Desktop\traffic_accident_project\frames\meta0713\00202\pre_event\00202_pre_01.jpg|C:\Users\Administrator\Desktop\traffic_accident_project\frames\meta0713\00202\pre_event\00202_pre_02.jpg|C:\Users\Administrator\Desktop\traffic_accident_project\frames\meta0713\00202\pre_event\00202_pre_03.jpg|C:\Users\Administrator\Desktop\traffic_accident_project\frames\meta0713\00202\pre_event\00202_pre_04.jpg|C:\Users\Administrator\Desktop\traffic_accident_project\frames\meta0713\00202\pre_event\00202_pre_05.jpg,77|88|98|109|120,"A pre-crash dashcam traffic scene on a urban road, under normal light and rain weather, showing a same-direction left-front collision conflict.",same-direction left-front collision conflict,Normal,Rain,Urban,7
00506.avi,C:\Users\Administrator\Desktop\traffic_accident_project\frames\meta0713\00506\pre_event\00506_pre_01.jpg|C:\Users\Administrator\Desktop\traffic_accident_project\frames\meta0713\00506\pre_event\00506_pre_02.jpg|C:\Users\Administrator\Desktop\traffic_accident_project\frames\meta0713\00506\pre_event\00506_pre_03.jpg|C:\Users\Administrator\Desktop\traffic_accident_project\frames\meta0713\00506\pre_event\00506_pre_04.jpg|C:\Users\Administrator\Desktop\traffic_accident_project\frames\meta0713\00506\pre_event\00506_pre_05.jpg,78|88|99|110|120,"A pre-crash dashcam traffic scene on a highway road, under normal light and clear weather, showing a opposite-direction right-side collision conflict.",opposite-direction right-side collision conflict,Normal,Clear,Highway,1
00731.avi,C:\Users\Administrator\Desktop\traffic_accident_project\frames\meta0713\00731\pre_event\00731_pre_01.jpg|C:\Users\Administrator\Desktop\traffic_accident_project\frames\meta0713\00731\pre_event\00731_pre_02.jpg|C:\Users\Administrator\Desktop\traffic_accident_project\frames\meta0713\00731\pre_event\00731_pre_03.jpg|C:\Users\Administrator\Desktop\traffic_accident_project\frames\meta0713\00731\pre_event\00731_pre_04.jpg|C:\Users\Administrator\Desktop\traffic_accident_project\frames\meta0713\00731\pre_event\00731_pre_05.jpg,89|97|104|112|120,"A pre-crash dashcam traffic scene on a highway road, under normal light and clear weather, showing a same-direction center rear-end or forward collision conflict.",same-direction center rear-end or forward collision conflict,Normal,Clear,Highway,8
00961.avi,C:\Users\Administrator\Desktop\traffic_accident_project\frames\meta0713\00961\pre_event\00961_pre_01.jpg|C:\Users\Administrator\Desktop\traffic_accident_project\frames\meta0713\00961\pre_event\00961_pre_02.jpg|C:\Users\Administrator\Desktop\traffic_accident_project\frames\meta0713\00961\pre_event\00961_pre_03.jpg|C:\Users\Administrator\Desktop\traffic_accident_project\frames\meta0713\00961\pre_event\00961_pre_04.jpg|C:\Users\Administrator\Desktop\traffic_accident_project\frames\meta0713\00961\pre_event\00961_pre_05.jpg,87|95|104|112|120,"A pre-crash dashcam traffic scene on a urban road, under normal light and clear weather, showing a same-direction right-front collision conflict.",same-direction right-front collision conflict,Normal,Clear,Urban,5
00601.avi,C:\Users\Administrator\Desktop\traffic_accident_project\frames\meta0713\00601\pre_event\00601_pre_01.jpg|C:\Users\Administrator\Desktop\traffic_accident_project\frames\meta0713\00601\pre_event\00601_pre_02.jpg|C:\Users\Administrator\Desktop\traffic_accident_project\frames\meta0713\00601\pre_event\00601_pre_03.jpg|C:\Users\Administrator\Desktop\traffic_accident_project\frames\meta0713\00601\pre_event\00601_pre_04.jpg|C:\Users\Administrator\Desktop\traffic_accident_project\frames\meta0713\00601\pre_event\00601_pre_05.jpg,81|91|100|110|120,"A pre-crash dashcam traffic scene on a urban road, under normal light and clear weather, showing a same-direction center rear-end or forward collision conflict.",same-direction center rear-end or forward collision conflict,Normal,Clear,Urban,8
00255.avi,C:\Users\Administrator\Desktop\traffic_accident_project\frames\meta0713\00255\pre_event\00255_pre_01.jpg|C:\Users\Administrator\Desktop\traffic_accident_project\frames\meta0713\00255\pre_event\00255_pre_02.jpg|C:\Users\Administrator\Desktop\traffic_accident_project\frames\meta0713\00255\pre_event\00255_pre_03.jpg|C:\Users\Administrator\Desktop\traffic_accident_project\frames\meta0713\00255\pre_event\00255_pre_04.jpg|C:\Users\Administrator\Desktop\traffic_accident_project\frames\meta0713\00255\pre_event\00255_pre_05.jpg,98|104|109|114|120,"A pre-crash dashcam traffic scene on a urban road, under normal light and clear weather, showing a same-direction center rear-end or forward collision conflict.",same-direction center rear-end or forward collision conflict,Normal,Clear,Urban,8
00031.avi,C:\Users\Administrator\Desktop\traffic_accident_project\frames\meta0713\00031\pre_event\00031_pre_01.jpg|C:\Users\Administrator\Desktop\traffic_accident_project\frames\meta0713\00031\pre_event\00031_pre_02.jpg|C:\Users\Administrator\Desktop\traffic_accident_project\frames\meta0713\00031\pre_event\00031_pre_03.jpg|C:\Users\Administrator\Desktop\traffic_accident_project\frames\meta0713\00031\pre_event\00031_pre_04.jpg|C:\Users\Administrator\Desktop\traffic_accident_project\frames\meta0713\00031\pre_event\00031_pre_05.jpg,78|88|99|110|120,"A pre-crash dashcam traffic scene on a urban road, under normal light and clear weather, showing a same-direction left-front collision conflict.",same-direction left-front collision conflict,Normal,Clear,Urban,7
00683.avi,C:\Users\Administrator\Desktop\traffic_accident_project\frames\meta0713\00683\pre_event\00683_pre_01.jpg|C:\Users\Administrator\Desktop\traffic_accident_project\frames\meta0713\00683\pre_event\00683_pre_02.jpg|C:\Users\Administrator\Desktop\traffic_accident_project\frames\meta0713\00683\pre_event\00683_pre_03.jpg|C:\Users\Administrator\Desktop\traffic_accident_project\frames\meta0713\00683\pre_event\00683_pre_04.jpg|C:\Users\Administrator\Desktop\traffic_accident_project\frames\meta0713\00683\pre_event\00683_pre_05.jpg,76|87|98|109|120,"A pre-crash dashcam traffic scene on a urban road, under normal light and cloudy weather, showing a opposite-direction right-side collision conflict.",opposite-direction right-side collision conflict,Normal,Cloudy,Urban,1
00936.avi,C:\Users\Administrator\Desktop\traffic_accident_project\frames\meta0713\00936\pre_event\00936_pre_01.jpg|C:\Users\Administrator\Desktop\traffic_accident_project\frames\meta0713\00936\pre_event\00936_pre_02.jpg|C:\Users\Administrator\Desktop\traffic_accident_project\frames\meta0713\00936\pre_event\00936_pre_03.jpg|C:\Users\Administrator\Desktop\traffic_accident_project\frames\meta0713\00936\pre_event\00936_pre_04.jpg|C:\Users\Administrator\Desktop\traffic_accident_project\frames\meta0713\00936\pre_event\00936_pre_05.jpg,73|85|96|108|120,"A pre-crash dashcam traffic scene on a highway road, under dark light and clear weather, showing a same-direction center rear-end or forward collision conflict.",same-direction center rear-end or forward collision conflict,Dark,Clear,Highway,8
00598.avi,C:\Users\Administrator\Desktop\traffic_accident_project\frames\meta0713\00598\pre_event\00598_pre_01.jpg|C:\Users\Administrator\Desktop\traffic_accident_project\frames\meta0713\00598\pre_event\00598_pre_02.jpg|C:\Users\Administrator\Desktop\traffic_accident_project\frames\meta0713\00598\pre_event\00598_pre_03.jpg|C:\Users\Administrator\Desktop\traffic_accident_project\frames\meta0713\00598\pre_event\00598_pre_04.jpg|C:\Users\Administrator\Desktop\traffic_accident_project\frames\meta0713\00598\pre_event\00598_pre_05.jpg,89|97|104|112|120,"A pre-crash dashcam traffic scene on a sub-urban road, under normal light and cloudy weather, showing a same-direction right-front collision conflict.",same-direction right-front collision conflict,Normal,Cloudy,Sub-urban,5
00318.avi,C:\Users\Administrator\Desktop\traffic_accident_project\frames\meta0713\00318\pre_event\00318_pre_01.jpg|C:\Users\Administrator\Desktop\traffic_accident_project\frames\meta0713\00318\pre_event\00318_pre_02.jpg|C:\Users\Administrator\Desktop\traffic_accident_project\frames\meta0713\00318\pre_event\00318_pre_03.jpg|C:\Users\Administrator\Desktop\traffic_accident_project\frames\meta0713\00318\pre_event\00318_pre_04.jpg|C:\Users\Administrator\Desktop\traffic_accident_project\frames\meta0713\00318\pre_event\00318_pre_05.jpg,89|97|104|112|120,"A pre-crash dashcam traffic scene on a urban road, under normal light and clear weather, showing a opposite-direction frontal center collision conflict.",opposite-direction frontal center collision conflict,Normal,Clear,Urban,3
00671.avi,C:\Users\Administrator\Desktop\traffic_accident_project\frames\meta0713\00671\pre_event\00671_pre_01.jpg|C:\Users\Administrator\Desktop\traffic_accident_project\frames\meta0713\00671\pre_event\00671_pre_02.jpg|C:\Users\Administrator\Desktop\traffic_accident_project\frames\meta0713\00671\pre_event\00671_pre_03.jpg|C:\Users\Administrator\Desktop\traffic_accident_project\frames\meta0713\00671\pre_event\00671_pre_04.jpg|C:\Users\Administrator\Desktop\traffic_accident_project\frames\meta0713\00671\pre_event\00671_pre_05.jpg,46|64|83|102|120,"A pre-crash dashcam traffic scene on a highway road, under twilight light and clear weather, showing a same-direction center rear-end or forward collision conflict.",same-direction center rear-end or forward collision conflict,Twilight,Clear,Highway,8
00175.avi,C:\Users\Administrator\Desktop\traffic_accident_project\frames\meta0713\00175\pre_event\00175_pre_01.jpg|C:\Users\Administrator\Desktop\traffic_accident_project\frames\meta0713\00175\pre_event\00175_pre_02.jpg|C:\Users\Administrator\Desktop\traffic_accident_project\frames\meta0713\00175\pre_event\00175_pre_03.jpg|C:\Users\Administrator\Desktop\traffic_accident_project\frames\meta0713\00175\pre_event\00175_pre_04.jpg|C:\Users\Administrator\Desktop\traffic_accident_project\frames\meta0713\00175\pre_event\00175_pre_05.jpg,84|93|102|111|120,"A pre-crash dashcam traffic scene on a urban road, under normal light and clear weather, showing a same-direction left-rear collision conflict.",same-direction left-rear collision conflict,Normal,Clear,Urban,6
00955.avi,C:\Users\Administrator\Desktop\traffic_accident_project\frames\meta0713\00955\pre_event\00955_pre_01.jpg|C:\Users\Administrator\Desktop\traffic_accident_project\frames\meta0713\00955\pre_event\00955_pre_02.jpg|C:\Users\Administrator\Desktop\traffic_accident_project\frames\meta0713\00955\pre_event\00955_pre_03.jpg|C:\Users\Administrator\Desktop\traffic_accident_project\frames\meta0713\00955\pre_event\00955_pre_04.jpg|C:\Users\Administrator\Desktop\traffic_accident_project\frames\meta0713\00955\pre_event\00955_pre_05.jpg,41|61|80|100|120,"A pre-crash dashcam traffic scene on a sub-urban road, under normal light and clear weather, showing a opposite-direction right-side collision conflict.",opposite-direction right-side collision conflict,Normal,Clear,Sub-urban,1
00240.avi,C:\Users\Administrator\Desktop\traffic_accident_project\frames\meta0713\00240\pre_event\00240_pre_01.jpg|C:\Users\Administrator\Desktop\traffic_accident_project\frames\meta0713\00240\pre_event\00240_pre_02.jpg|C:\Users\Administrator\Desktop\traffic_accident_project\frames\meta0713\00240\pre_event\00240_pre_03.jpg|C:\Users\Administrator\Desktop\traffic_accident_project\frames\meta0713\00240\pre_event\00240_pre_04.jpg|C:\Users\Administrator\Desktop\traffic_accident_project\frames\meta0713\00240\pre_event\00240_pre_05.jpg,91|98|106|113|120,"A pre-crash dashcam traffic scene on a urban road, under normal light and cloudy weather, showing a same-direction center rear-end or forward collision conflict.",same-direction center rear-end or forward collision conflict,Normal,Cloudy,Urban,8
00887.avi,C:\Users\Administrator\Desktop\traffic_accident_project\frames\meta0713\00887\pre_event\00887_pre_01.jpg|C:\Users\Administrator\Desktop\traffic_accident_project\frames\meta0713\00887\pre_event\00887_pre_02.jpg|C:\Users\Administrator\Desktop\traffic_accident_project\frames\meta0713\00887\pre_event\00887_pre_03.jpg|C:\Users\Administrator\Desktop\traffic_accident_project\frames\meta0713\00887\pre_event\00887_pre_04.jpg|C:\Users\Administrator\Desktop\traffic_accident_project\frames\meta0713\00887\pre_event\00887_pre_05.jpg,96|102|108|114|120,"A pre-crash dashcam traffic scene on a highway road, under normal light and cloudy weather, showing a same-direction left-rear collision conflict.",same-direction left-rear collision conflict,Normal,Cloudy,Highway,6
00785.avi,C:\Users\Administrator\Desktop\traffic_accident_project\frames\meta0713\00785\pre_event\00785_pre_01.jpg|C:\Users\Administrator\Desktop\traffic_accident_project\frames\meta0713\00785\pre_event\00785_pre_02.jpg|C:\Users\Administrator\Desktop\traffic_accident_project\frames\meta0713\00785\pre_event\00785_pre_03.jpg|C:\Users\Administrator\Desktop\traffic_accident_project\frames\meta0713\00785\pre_event\00785_pre_04.jpg|C:\Users\Administrator\Desktop\traffic_accident_project\frames\meta0713\00785\pre_event\00785_pre_05.jpg,78|88|99|110|120,"A pre-crash dashcam traffic scene on a urban road, under normal light and cloudy weather, showing a opposite-direction left-side collision conflict.",opposite-direction left-side collision conflict,Normal,Cloudy,Urban,2
00014.avi,C:\Users\Administrator\Desktop\traffic_accident_project\frames\meta0713\00014\pre_event\00014_pre_01.jpg|C:\Users\Administrator\Desktop\traffic_accident_project\frames\meta0713\00014\pre_event\00014_pre_02.jpg|C:\Users\Administrator\Desktop\traffic_accident_project\frames\meta0713\00014\pre_event\00014_pre_03.jpg|C:\Users\Administrator\Desktop\traffic_accident_project\frames\meta0713\00014\pre_event\00014_pre_04.jpg|C:\Users\Administrator\Desktop\traffic_accident_project\frames\meta0713\00014\pre_event\00014_pre_05.jpg,100|105|110|115|120,"A pre-crash dashcam traffic scene on a sub-urban road, under normal light and cloudy weather, showing a opposite-direction frontal center collision conflict.",opposite-direction frontal center collision conflict,Normal,Cloudy,Sub-urban,3
00593.avi,C:\Users\Administrator\Desktop\traffic_accident_project\frames\meta0713\00593\pre_event\00593_pre_01.jpg|C:\Users\Administrator\Desktop\traffic_accident_project\frames\meta0713\00593\pre_event\00593_pre_02.jpg|C:\Users\Administrator\Desktop\traffic_accident_project\frames\meta0713\00593\pre_event\00593_pre_03.jpg|C:\Users\Administrator\Desktop\traffic_accident_project\frames\meta0713\00593\pre_event\00593_pre_04.jpg|C:\Users\Administrator\Desktop\traffic_accident_project\frames\meta0713\00593\pre_event\00593_pre_05.jpg,71|83|96|108|120,"A pre-crash dashcam traffic scene on a urban road, under normal light and rain weather, showing a same-direction center rear-end or forward collision conflict.",same-direction center rear-end or forward collision conflict,Normal,Rain,Urban,8
00869.avi,C:\Users\Administrator\Desktop\traffic_accident_project\frames\meta0713\00869\pre_event\00869_pre_01.jpg|C:\Users\Administrator\Desktop\traffic_accident_project\frames\meta0713\00869\pre_event\00869_pre_02.jpg|C:\Users\Administrator\Desktop\traffic_accident_project\frames\meta0713\00869\pre_event\00869_pre_03.jpg|C:\Users\Administrator\Desktop\traffic_accident_project\frames\meta0713\00869\pre_event\00869_pre_04.jpg|C:\Users\Administrator\Desktop\traffic_accident_project\frames\meta0713\00869\pre_event\00869_pre_05.jpg,74|86|97|108|120,"A pre-crash dashcam traffic scene on a urban road, under normal light and clear weather, showing a same-direction right-front collision conflict.",same-direction right-front collision conflict,Normal,Clear,Urban,5
00621.avi,C:\Users\Administrator\Desktop\traffic_accident_project\frames\meta0713\00621\pre_event\00621_pre_01.jpg|C:\Users\Administrator\Desktop\traffic_accident_project\frames\meta0713\00621\pre_event\00621_pre_02.jpg|C:\Users\Administrator\Desktop\traffic_accident_project\frames\meta0713\00621\pre_event\00621_pre_03.jpg|C:\Users\Administrator\Desktop\traffic_accident_project\frames\meta0713\00621\pre_event\00621_pre_04.jpg|C:\Users\Administrator\Desktop\traffic_accident_project\frames\meta0713\00621\pre_event\00621_pre_05.jpg,12|39|66|93|120,"A pre-crash dashcam traffic scene on a urban road, under normal light and cloudy weather, showing a same-direction center rear-end or forward collision conflict.",same-direction center rear-end or forward collision conflict,Normal,Cloudy,Urban,8
00117.avi,C:\Users\Administrator\Desktop\traffic_accident_project\frames\meta0713\00117\pre_event\00117_pre_01.jpg|C:\Users\Administrator\Desktop\traffic_accident_project\frames\meta0713\00117\pre_event\00117_pre_02.jpg|C:\Users\Administrator\Desktop\traffic_accident_project\frames\meta0713\00117\pre_event\00117_pre_03.jpg|C:\Users\Administrator\Desktop\traffic_accident_project\frames\meta0713\00117\pre_event\00117_pre_04.jpg|C:\Users\Administrator\Desktop\traffic_accident_project\frames\meta0713\00117\pre_event\00117_pre_05.jpg,116|117|118|119|120,"A pre-crash dashcam traffic scene on a highway road, under normal light and clear weather, showing a same-direction right-rear collision conflict.",same-direction right-rear collision conflict,Normal,Clear,Highway,4
00690.avi,C:\Users\Administrator\Desktop\traffic_accident_project\frames\meta0713\00690\pre_event\00690_pre_01.jpg|C:\Users\Administrator\Desktop\traffic_accident_project\frames\meta0713\00690\pre_event\00690_pre_02.jpg|C:\Users\Administrator\Desktop\traffic_accident_project\frames\meta0713\00690\pre_event\00690_pre_03.jpg|C:\Users\Administrator\Desktop\traffic_accident_project\frames\meta0713\00690\pre_event\00690_pre_04.jpg|C:\Users\Administrator\Desktop\traffic_accident_project\frames\meta0713\00690\pre_event\00690_pre_05.jpg,1|31|60|90|120,"A pre-crash dashcam traffic scene on a sub-urban road, under twilight light and cloudy weather, showing a opposite-direction frontal center collision conflict.",opposite-direction frontal center collision conflict,Twilight,Cloudy,Sub-urban,3
00494.avi,C:\Users\Administrator\Desktop\traffic_accident_project\frames\meta0713\00494\pre_event\00494_pre_01.jpg|C:\Users\Administrator\Desktop\traffic_accident_project\frames\meta0713\00494\pre_event\00494_pre_02.jpg|C:\Users\Administrator\Desktop\traffic_accident_project\frames\meta0713\00494\pre_event\00494_pre_03.jpg|C:\Users\Administrator\Desktop\traffic_accident_project\frames\meta0713\00494\pre_event\00494_pre_04.jpg|C:\Users\Administrator\Desktop\traffic_accident_project\frames\meta0713\00494\pre_event\00494_pre_05.jpg,91|98|106|113|120,"A pre-crash dashcam traffic scene on a urban road, under normal light and clear weather, showing a same-direction center rear-end or forward collision conflict.",same-direction center rear-end or forward collision conflict,Normal,Clear,Urban,8
00857.avi,C:\Users\Administrator\Desktop\traffic_accident_project\frames\meta0713\00857\pre_event\00857_pre_01.jpg|C:\Users\Administrator\Desktop\traffic_accident_project\frames\meta0713\00857\pre_event\00857_pre_02.jpg|C:\Users\Administrator\Desktop\traffic_accident_project\frames\meta0713\00857\pre_event\00857_pre_03.jpg|C:\Users\Administrator\Desktop\traffic_accident_project\frames\meta0713\00857\pre_event\00857_pre_04.jpg|C:\Users\Administrator\Desktop\traffic_accident_project\frames\meta0713\00857\pre_event\00857_pre_05.jpg,50|68|85|102|120,"A pre-crash dashcam traffic scene on a urban road, under normal light and clear weather, showing a same-direction right-front collision conflict.",same-direction right-front collision conflict,Normal,Clear,Urban,5
00235.avi,C:\Users\Administrator\Desktop\traffic_accident_project\frames\meta0713\00235\pre_event\00235_pre_01.jpg|C:\Users\Administrator\Desktop\traffic_accident_project\frames\meta0713\00235\pre_event\00235_pre_02.jpg|C:\Users\Administrator\Desktop\traffic_accident_project\frames\meta0713\00235\pre_event\00235_pre_03.jpg|C:\Users\Administrator\Desktop\traffic_accident_project\frames\meta0713\00235\pre_event\00235_pre_04.jpg|C:\Users\Administrator\Desktop\traffic_accident_project\frames\meta0713\00235\pre_event\00235_pre_05.jpg,61|76|90|105|120,"A pre-crash dashcam traffic scene on a other road, under normal light and clear weather, showing a opposite-direction right-side collision conflict.",opposite-direction right-side collision conflict,Normal,Clear,Other,1
00369.avi,C:\Users\Administrator\Desktop\traffic_accident_project\frames\meta0713\00369\pre_event\00369_pre_01.jpg|C:\Users\Administrator\Desktop\traffic_accident_project\frames\meta0713\00369\pre_event\00369_pre_02.jpg|C:\Users\Administrator\Desktop\traffic_accident_project\frames\meta0713\00369\pre_event\00369_pre_03.jpg|C:\Users\Administrator\Desktop\traffic_accident_project\frames\meta0713\00369\pre_event\00369_pre_04.jpg|C:\Users\Administrator\Desktop\traffic_accident_project\frames\meta0713\00369\pre_event\00369_pre_05.jpg,46|64|83|102|120,"A pre-crash dashcam traffic scene on a urban road, under normal light and clear weather, showing a opposite-direction left-side collision conflict.",opposite-direction left-side collision conflict,Normal,Clear,Urban,2
00071.avi,C:\Users\Administrator\Desktop\traffic_accident_project\frames\meta0713\00071\pre_event\00071_pre_01.jpg|C:\Users\Administrator\Desktop\traffic_accident_project\frames\meta0713\00071\pre_event\00071_pre_02.jpg|C:\Users\Administrator\Desktop\traffic_accident_project\frames\meta0713\00071\pre_event\00071_pre_03.jpg|C:\Users\Administrator\Desktop\traffic_accident_project\frames\meta0713\00071\pre_event\00071_pre_04.jpg|C:\Users\Administrator\Desktop\traffic_accident_project\frames\meta0713\00071\pre_event\00071_pre_05.jpg,93|100|106|113|120,"A pre-crash dashcam traffic scene on a urban road, under normal light and unknown weather weather, showing a same-direction left-front collision conflict.",same-direction left-front collision conflict,Normal,,Urban,7
00897.avi,C:\Users\Administrator\Desktop\traffic_accident_project\frames\meta0713\00897\pre_event\00897_pre_01.jpg|C:\Users\Administrator\Desktop\traffic_accident_project\frames\meta0713\00897\pre_event\00897_pre_02.jpg|C:\Users\Administrator\Desktop\traffic_accident_project\frames\meta0713\00897\pre_event\00897_pre_03.jpg|C:\Users\Administrator\Desktop\traffic_accident_project\frames\meta0713\00897\pre_event\00897_pre_04.jpg|C:\Users\Administrator\Desktop\traffic_accident_project\frames\meta0713\00897\pre_event\00897_pre_05.jpg,29|52|74|97|120,"A pre-crash dashcam traffic scene on a urban road, under normal light and clear weather, showing a same-direction left-front collision conflict.",same-direction left-front collision conflict,Normal,Clear,Urban,7
00947.avi,C:\Users\Administrator\Desktop\traffic_accident_project\frames\meta0713\00947\pre_event\00947_pre_01.jpg|C:\Users\Administrator\Desktop\traffic_accident_project\frames\meta0713\00947\pre_event\00947_pre_02.jpg|C:\Users\Administrator\Desktop\traffic_accident_project\frames\meta0713\00947\pre_event\00947_pre_03.jpg|C:\Users\Administrator\Desktop\traffic_accident_project\frames\meta0713\00947\pre_event\00947_pre_04.jpg|C:\Users\Administrator\Desktop\traffic_accident_project\frames\meta0713\00947\pre_event\00947_pre_05.jpg,86|94|103|112|120,"A pre-crash dashcam traffic scene on a highway road, under twilight light and clear weather, showing a same-direction right-front collision conflict.",same-direction right-front collision conflict,Twilight,Clear,Highway,5
00643.avi,C:\Users\Administrator\Desktop\traffic_accident_project\frames\meta0713\00643\pre_event\00643_pre_01.jpg|C:\Users\Administrator\Desktop\traffic_accident_project\frames\meta0713\00643\pre_event\00643_pre_02.jpg|C:\Users\Administrator\Desktop\traffic_accident_project\frames\meta0713\00643\pre_event\00643_pre_03.jpg|C:\Users\Administrator\Desktop\traffic_accident_project\frames\meta0713\00643\pre_event\00643_pre_04.jpg|C:\Users\Administrator\Desktop\traffic_accident_project\frames\meta0713\00643\pre_event\00643_pre_05.jpg,77|88|98|109|120,"A pre-crash dashcam traffic scene on a urban road, under normal light and clear weather, showing a same-direction left-rear collision conflict.",same-direction left-rear collision conflict,Normal,Clear,Urban,6
00013.avi,C:\Users\Administrator\Desktop\traffic_accident_project\frames\meta0713\00013\pre_event\00013_pre_01.jpg|C:\Users\Administrator\Desktop\traffic_accident_project\frames\meta0713\00013\pre_event\00013_pre_02.jpg|C:\Users\Administrator\Desktop\traffic_accident_project\frames\meta0713\00013\pre_event\00013_pre_03.jpg|C:\Users\Administrator\Desktop\traffic_accident_project\frames\meta0713\00013\pre_event\00013_pre_04.jpg|C:\Users\Administrator\Desktop\traffic_accident_project\frames\meta0713\00013\pre_event\00013_pre_05.jpg,61|76|90|105|120,"A pre-crash dashcam traffic scene on a sub-urban road, under normal light and cloudy weather, showing a opposite-direction right-side collision conflict.",opposite-direction right-side collision conflict,Normal,Cloudy,Sub-urban,1
00562.avi,C:\Users\Administrator\Desktop\traffic_accident_project\frames\meta0713\00562\pre_event\00562_pre_01.jpg|C:\Users\Administrator\Desktop\traffic_accident_project\frames\meta0713\00562\pre_event\00562_pre_02.jpg|C:\Users\Administrator\Desktop\traffic_accident_project\frames\meta0713\00562\pre_event\00562_pre_03.jpg|C:\Users\Administrator\Desktop\traffic_accident_project\frames\meta0713\00562\pre_event\00562_pre_04.jpg|C:\Users\Administrator\Desktop\traffic_accident_project\frames\meta0713\00562\pre_event\00562_pre_05.jpg,69|82|94|107|120,"A pre-crash dashcam traffic scene on a urban road, under normal light and cloudy weather, showing a same-direction left-front collision conflict.",same-direction left-front collision conflict,Normal,Cloudy,Urban,7
00976.avi,C:\Users\Administrator\Desktop\traffic_accident_project\frames\meta0713\00976\pre_event\00976_pre_01.jpg|C:\Users\Administrator\Desktop\traffic_accident_project\frames\meta0713\00976\pre_event\00976_pre_02.jpg|C:\Users\Administrator\Desktop\traffic_accident_project\frames\meta0713\00976\pre_event\00976_pre_03.jpg|C:\Users\Administrator\Desktop\traffic_accident_project\frames\meta0713\00976\pre_event\00976_pre_04.jpg|C:\Users\Administrator\Desktop\traffic_accident_project\frames\meta0713\00976\pre_event\00976_pre_05.jpg,74|86|97|108|120,"A pre-crash dashcam traffic scene on a sub-urban road, under normal light and clear weather, showing a same-direction right-front collision conflict.",same-direction right-front collision conflict,Normal,Clear,Sub-urban,5
00298.avi,C:\Users\Administrator\Desktop\traffic_accident_project\frames\meta0713\00298\pre_event\00298_pre_01.jpg|C:\Users\Administrator\Desktop\traffic_accident_project\frames\meta0713\00298\pre_event\00298_pre_02.jpg|C:\Users\Administrator\Desktop\traffic_accident_project\frames\meta0713\00298\pre_event\00298_pre_03.jpg|C:\Users\Administrator\Desktop\traffic_accident_project\frames\meta0713\00298\pre_event\00298_pre_04.jpg|C:\Users\Administrator\Desktop\traffic_accident_project\frames\meta0713\00298\pre_event\00298_pre_05.jpg,72|84|96|108|120,"A pre-crash dashcam traffic scene on a urban road, under normal light and rain weather, showing a same-direction center rear-end or forward collision conflict.",same-direction center rear-end or forward collision conflict,Normal,Rain,Urban,8
00131.avi,C:\Users\Administrator\Desktop\traffic_accident_project\frames\meta0713\00131\pre_event\00131_pre_01.jpg|C:\Users\Administrator\Desktop\traffic_accident_project\frames\meta0713\00131\pre_event\00131_pre_02.jpg|C:\Users\Administrator\Desktop\traffic_accident_project\frames\meta0713\00131\pre_event\00131_pre_03.jpg|C:\Users\Administrator\Desktop\traffic_accident_project\frames\meta0713\00131\pre_event\00131_pre_04.jpg|C:\Users\Administrator\Desktop\traffic_accident_project\frames\meta0713\00131\pre_event\00131_pre_05.jpg,90|98|105|112|120,"A pre-crash dashcam traffic scene on a other road, under normal light and cloudy weather, showing a opposite-direction left-side collision conflict.",opposite-direction left-side collision conflict,Normal,Cloudy,Other,2
00173.avi,C:\Users\Administrator\Desktop\traffic_accident_project\frames\meta0713\00173\pre_event\00173_pre_01.jpg|C:\Users\Administrator\Desktop\traffic_accident_project\frames\meta0713\00173\pre_event\00173_pre_02.jpg|C:\Users\Administrator\Desktop\traffic_accident_project\frames\meta0713\00173\pre_event\00173_pre_03.jpg|C:\Users\Administrator\Desktop\traffic_accident_project\frames\meta0713\00173\pre_event\00173_pre_04.jpg|C:\Users\Administrator\Desktop\traffic_accident_project\frames\meta0713\00173\pre_event\00173_pre_05.jpg,34|56|77|98|120,"A pre-crash dashcam traffic scene on a urban road, under normal light and cloudy weather, showing a same-direction center rear-end or forward collision conflict.",same-direction center rear-end or forward collision conflict,Normal,Cloudy,Urban,8
00124.avi,C:\Users\Administrator\Desktop\traffic_accident_project\frames\meta0713\00124\pre_event\00124_pre_01.jpg|C:\Users\Administrator\Desktop\traffic_accident_project\frames\meta0713\00124\pre_event\00124_pre_02.jpg|C:\Users\Administrator\Desktop\traffic_accident_project\frames\meta0713\00124\pre_event\00124_pre_03.jpg|C:\Users\Administrator\Desktop\traffic_accident_project\frames\meta0713\00124\pre_event\00124_pre_04.jpg|C:\Users\Administrator\Desktop\traffic_accident_project\frames\meta0713\00124\pre_event\00124_pre_05.jpg,99|104|110|115|120,"A pre-crash dashcam traffic scene on a urban road, under normal light and clear weather, showing a same-direction center rear-end or forward collision conflict.",same-direction center rear-end or forward collision conflict,Normal,Clear,Urban,8
00543.avi,C:\Users\Administrator\Desktop\traffic_accident_project\frames\meta0713\00543\pre_event\00543_pre_01.jpg|C:\Users\Administrator\Desktop\traffic_accident_project\frames\meta0713\00543\pre_event\00543_pre_02.jpg|C:\Users\Administrator\Desktop\traffic_accident_project\frames\meta0713\00543\pre_event\00543_pre_03.jpg|C:\Users\Administrator\Desktop\traffic_accident_project\frames\meta0713\00543\pre_event\00543_pre_04.jpg|C:\Users\Administrator\Desktop\traffic_accident_project\frames\meta0713\00543\pre_event\00543_pre_05.jpg,73|85|96|108|120,"A pre-crash dashcam traffic scene on a highway road, under normal light and clear weather, showing a same-direction center rear-end or forward collision conflict.",same-direction center rear-end or forward collision conflict,Normal,Clear,Highway,8
01035.avi,C:\Users\Administrator\Desktop\traffic_accident_project\frames\meta0713\01035\pre_event\01035_pre_01.jpg|C:\Users\Administrator\Desktop\traffic_accident_project\frames\meta0713\01035\pre_event\01035_pre_02.jpg|C:\Users\Administrator\Desktop\traffic_accident_project\frames\meta0713\01035\pre_event\01035_pre_03.jpg|C:\Users\Administrator\Desktop\traffic_accident_project\frames\meta0713\01035\pre_event\01035_pre_04.jpg|C:\Users\Administrator\Desktop\traffic_accident_project\frames\meta0713\01035\pre_event\01035_pre_05.jpg,30|52|75|98|120,"A pre-crash dashcam traffic scene on a urban road, under normal light and clear weather, showing a same-direction right-front collision conflict.",same-direction right-front collision conflict,Normal,Clear,Urban,5
00882.avi,C:\Users\Administrator\Desktop\traffic_accident_project\frames\meta0713\00882\pre_event\00882_pre_01.jpg|C:\Users\Administrator\Desktop\traffic_accident_project\frames\meta0713\00882\pre_event\00882_pre_02.jpg|C:\Users\Administrator\Desktop\traffic_accident_project\frames\meta0713\00882\pre_event\00882_pre_03.jpg|C:\Users\Administrator\Desktop\traffic_accident_project\frames\meta0713\00882\pre_event\00882_pre_04.jpg|C:\Users\Administrator\Desktop\traffic_accident_project\frames\meta0713\00882\pre_event\00882_pre_05.jpg,43|62|82|101|120,"A pre-crash dashcam traffic scene on a urban road, under normal light and rain weather, showing a same-direction center rear-end or forward collision conflict.",same-direction center rear-end or forward collision conflict,Normal,Rain,Urban,8
00745.avi,C:\Users\Administrator\Desktop\traffic_accident_project\frames\meta0713\00745\pre_event\00745_pre_01.jpg|C:\Users\Administrator\Desktop\traffic_accident_project\frames\meta0713\00745\pre_event\00745_pre_02.jpg|C:\Users\Administrator\Desktop\traffic_accident_project\frames\meta0713\00745\pre_event\00745_pre_03.jpg|C:\Users\Administrator\Desktop\traffic_accident_project\frames\meta0713\00745\pre_event\00745_pre_04.jpg|C:\Users\Administrator\Desktop\traffic_accident_project\frames\meta0713\00745\pre_event\00745_pre_05.jpg,93|100|106|113|120,"A pre-crash dashcam traffic scene on a highway road, under normal light and clear weather, showing a same-direction left-front collision conflict.",same-direction left-front collision conflict,Normal,Clear,Highway,7
00664.avi,C:\Users\Administrator\Desktop\traffic_accident_project\frames\meta0713\00664\pre_event\00664_pre_01.jpg|C:\Users\Administrator\Desktop\traffic_accident_project\frames\meta0713\00664\pre_event\00664_pre_02.jpg|C:\Users\Administrator\Desktop\traffic_accident_project\frames\meta0713\00664\pre_event\00664_pre_03.jpg|C:\Users\Administrator\Desktop\traffic_accident_project\frames\meta0713\00664\pre_event\00664_pre_04.jpg|C:\Users\Administrator\Desktop\traffic_accident_project\frames\meta0713\00664\pre_event\00664_pre_05.jpg,78|88|99|110|120,"A pre-crash dashcam traffic scene on a urban road, under normal light and clear weather, showing a same-direction left-front collision conflict.",same-direction left-front collision conflict,Normal,Clear,Urban,7
00216.avi,C:\Users\Administrator\Desktop\traffic_accident_project\frames\meta0713\00216\pre_event\00216_pre_01.jpg|C:\Users\Administrator\Desktop\traffic_accident_project\frames\meta0713\00216\pre_event\00216_pre_02.jpg|C:\Users\Administrator\Desktop\traffic_accident_project\frames\meta0713\00216\pre_event\00216_pre_03.jpg|C:\Users\Administrator\Desktop\traffic_accident_project\frames\meta0713\00216\pre_event\00216_pre_04.jpg|C:\Users\Administrator\Desktop\traffic_accident_project\frames\meta0713\00216\pre_event\00216_pre_05.jpg,75|86|98|109|120,"A pre-crash dashcam traffic scene on a urban road, under normal light and cloudy weather, showing a opposite-direction left-side collision conflict.",opposite-direction left-side collision conflict,Normal,Cloudy,Urban,2
00889.avi,C:\Users\Administrator\Desktop\traffic_accident_project\frames\meta0713\00889\pre_event\00889_pre_01.jpg|C:\Users\Administrator\Desktop\traffic_accident_project\frames\meta0713\00889\pre_event\00889_pre_02.jpg|C:\Users\Administrator\Desktop\traffic_accident_project\frames\meta0713\00889\pre_event\00889_pre_03.jpg|C:\Users\Administrator\Desktop\traffic_accident_project\frames\meta0713\00889\pre_event\00889_pre_04.jpg|C:\Users\Administrator\Desktop\traffic_accident_project\frames\meta0713\00889\pre_event\00889_pre_05.jpg,39|59|80|100|120,"A pre-crash dashcam traffic scene on a urban road, under normal light and cloudy weather, showing a opposite-direction right-side collision conflict.",opposite-direction right-side collision conflict,Normal,Cloudy,Urban,1
00189.avi,C:\Users\Administrator\Desktop\traffic_accident_project\frames\meta0713\00189\pre_event\00189_pre_01.jpg|C:\Users\Administrator\Desktop\traffic_accident_project\frames\meta0713\00189\pre_event\00189_pre_02.jpg|C:\Users\Administrator\Desktop\traffic_accident_project\frames\meta0713\00189\pre_event\00189_pre_03.jpg|C:\Users\Administrator\Desktop\traffic_accident_project\frames\meta0713\00189\pre_event\00189_pre_04.jpg|C:\Users\Administrator\Desktop\traffic_accident_project\frames\meta0713\00189\pre_event\00189_pre_05.jpg,53|70|86|103|120,"A pre-crash dashcam traffic scene on a urban road, under twilight light and cloudy weather, showing a same-direction center rear-end or forward collision conflict.",same-direction center rear-end or forward collision conflict,Twilight,Cloudy,Urban,8
00891.avi,C:\Users\Administrator\Desktop\traffic_accident_project\frames\meta0713\00891\pre_event\00891_pre_01.jpg|C:\Users\Administrator\Desktop\traffic_accident_project\frames\meta0713\00891\pre_event\00891_pre_02.jpg|C:\Users\Administrator\Desktop\traffic_accident_project\frames\meta0713\00891\pre_event\00891_pre_03.jpg|C:\Users\Administrator\Desktop\traffic_accident_project\frames\meta0713\00891\pre_event\00891_pre_04.jpg|C:\Users\Administrator\Desktop\traffic_accident_project\frames\meta0713\00891\pre_event\00891_pre_05.jpg,75|86|98|109|120,"A pre-crash dashcam traffic scene on a urban road, under normal light and clear weather, showing a same-direction right-front collision conflict.",same-direction right-front collision conflict,Normal,Clear,Urban,5
00226.avi,C:\Users\Administrator\Desktop\traffic_accident_project\frames\meta0713\00226\pre_event\00226_pre_01.jpg|C:\Users\Administrator\Desktop\traffic_accident_project\frames\meta0713\00226\pre_event\00226_pre_02.jpg|C:\Users\Administrator\Desktop\traffic_accident_project\frames\meta0713\00226\pre_event\00226_pre_03.jpg|C:\Users\Administrator\Desktop\traffic_accident_project\frames\meta0713\00226\pre_event\00226_pre_04.jpg|C:\Users\Administrator\Desktop\traffic_accident_project\frames\meta0713\00226\pre_event\00226_pre_05.jpg,87|95|104|112|120,"A pre-crash dashcam traffic scene on a urban road, under normal light and cloudy weather, showing a same-direction center rear-end or forward collision conflict.",same-direction center rear-end or forward collision conflict,Normal,Cloudy,Urban,8
00991.avi,C:\Users\Administrator\Desktop\traffic_accident_project\frames\meta0713\00991\pre_event\00991_pre_01.jpg|C:\Users\Administrator\Desktop\traffic_accident_project\frames\meta0713\00991\pre_event\00991_pre_02.jpg|C:\Users\Administrator\Desktop\traffic_accident_project\frames\meta0713\00991\pre_event\00991_pre_03.jpg|C:\Users\Administrator\Desktop\traffic_accident_project\frames\meta0713\00991\pre_event\00991_pre_04.jpg|C:\Users\Administrator\Desktop\traffic_accident_project\frames\meta0713\00991\pre_event\00991_pre_05.jpg,92|99|106|113|120,"A pre-crash dashcam traffic scene on a urban road, under normal light and clear weather, showing a opposite-direction left-side collision conflict.",opposite-direction left-side collision conflict,Normal,Clear,Urban,2
00330.avi,C:\Users\Administrator\Desktop\traffic_accident_project\frames\meta0713\00330\pre_event\00330_pre_01.jpg|C:\Users\Administrator\Desktop\traffic_accident_project\frames\meta0713\00330\pre_event\00330_pre_02.jpg|C:\Users\Administrator\Desktop\traffic_accident_project\frames\meta0713\00330\pre_event\00330_pre_03.jpg|C:\Users\Administrator\Desktop\traffic_accident_project\frames\meta0713\00330\pre_event\00330_pre_04.jpg|C:\Users\Administrator\Desktop\traffic_accident_project\frames\meta0713\00330\pre_event\00330_pre_05.jpg,95|101|108|114|120,"A pre-crash dashcam traffic scene on a urban road, under normal light and cloudy weather, showing a opposite-direction left-side collision conflict.",opposite-direction left-side collision conflict,Normal,Cloudy,Urban,2
00763.avi,C:\Users\Administrator\Desktop\traffic_accident_project\frames\meta0713\00763\pre_event\00763_pre_01.jpg|C:\Users\Administrator\Desktop\traffic_accident_project\frames\meta0713\00763\pre_event\00763_pre_02.jpg|C:\Users\Administrator\Desktop\traffic_accident_project\frames\meta0713\00763\pre_event\00763_pre_03.jpg|C:\Users\Administrator\Desktop\traffic_accident_project\frames\meta0713\00763\pre_event\00763_pre_04.jpg|C:\Users\Administrator\Desktop\traffic_accident_project\frames\meta0713\00763\pre_event\00763_pre_05.jpg,69|82|94|107|120,"A pre-crash dashcam traffic scene on a urban road, under dark light and rain weather, showing a same-direction right-front collision conflict.",same-direction right-front collision conflict,Dark,Rain,Urban,5
00105.avi,C:\Users\Administrator\Desktop\traffic_accident_project\frames\meta0713\00105\pre_event\00105_pre_01.jpg|C:\Users\Administrator\Desktop\traffic_accident_project\frames\meta0713\00105\pre_event\00105_pre_02.jpg|C:\Users\Administrator\Desktop\traffic_accident_project\frames\meta0713\00105\pre_event\00105_pre_03.jpg|C:\Users\Administrator\Desktop\traffic_accident_project\frames\meta0713\00105\pre_event\00105_pre_04.jpg|C:\Users\Administrator\Desktop\traffic_accident_project\frames\meta0713\00105\pre_event\00105_pre_05.jpg,95|101|108|114|120,"A pre-crash dashcam traffic scene on a urban road, under normal light and clear weather, showing a opposite-direction left-side collision conflict.",opposite-direction left-side collision conflict,Normal,Clear,Urban,2
00783.avi,C:\Users\Administrator\Desktop\traffic_accident_project\frames\meta0713\00783\pre_event\00783_pre_01.jpg|C:\Users\Administrator\Desktop\traffic_accident_project\frames\meta0713\00783\pre_event\00783_pre_02.jpg|C:\Users\Administrator\Desktop\traffic_accident_project\frames\meta0713\00783\pre_event\00783_pre_03.jpg|C:\Users\Administrator\Desktop\traffic_accident_project\frames\meta0713\00783\pre_event\00783_pre_04.jpg|C:\Users\Administrator\Desktop\traffic_accident_project\frames\meta0713\00783\pre_event\00783_pre_05.jpg,92|99|106|113|120,"A pre-crash dashcam traffic scene on a urban road, under twilight light and clear weather, showing a opposite-direction left-side collision conflict.",opposite-direction left-side collision conflict,Twilight,Clear,Urban,2
00630.avi,C:\Users\Administrator\Desktop\traffic_accident_project\frames\meta0713\00630\pre_event\00630_pre_01.jpg|C:\Users\Administrator\Desktop\traffic_accident_project\frames\meta0713\00630\pre_event\00630_pre_02.jpg|C:\Users\Administrator\Desktop\traffic_accident_project\frames\meta0713\00630\pre_event\00630_pre_03.jpg|C:\Users\Administrator\Desktop\traffic_accident_project\frames\meta0713\00630\pre_event\00630_pre_04.jpg|C:\Users\Administrator\Desktop\traffic_accident_project\frames\meta0713\00630\pre_event\00630_pre_05.jpg,3|32|62|91|120,"A pre-crash dashcam traffic scene on a urban road, under normal light and clear weather, showing a same-direction center rear-end or forward collision conflict.",same-direction center rear-end or forward collision conflict,Normal,Clear,Urban,8
00931.avi,C:\Users\Administrator\Desktop\traffic_accident_project\frames\meta0713\00931\pre_event\00931_pre_01.jpg|C:\Users\Administrator\Desktop\traffic_accident_project\frames\meta0713\00931\pre_event\00931_pre_02.jpg|C:\Users\Administrator\Desktop\traffic_accident_project\frames\meta0713\00931\pre_event\00931_pre_03.jpg|C:\Users\Administrator\Desktop\traffic_accident_project\frames\meta0713\00931\pre_event\00931_pre_04.jpg|C:\Users\Administrator\Desktop\traffic_accident_project\frames\meta0713\00931\pre_event\00931_pre_05.jpg,60|75|90|105|120,"A pre-crash dashcam traffic scene on a urban road, under normal light and clear weather, showing a same-direction left-front collision conflict.",same-direction left-front collision conflict,Normal,Clear,Urban,7
00184.avi,C:\Users\Administrator\Desktop\traffic_accident_project\frames\meta0713\00184\pre_event\00184_pre_01.jpg|C:\Users\Administrator\Desktop\traffic_accident_project\frames\meta0713\00184\pre_event\00184_pre_02.jpg|C:\Users\Administrator\Desktop\traffic_accident_project\frames\meta0713\00184\pre_event\00184_pre_03.jpg|C:\Users\Administrator\Desktop\traffic_accident_project\frames\meta0713\00184\pre_event\00184_pre_04.jpg|C:\Users\Administrator\Desktop\traffic_accident_project\frames\meta0713\00184\pre_event\00184_pre_05.jpg,116|117|118|119|120,"A pre-crash dashcam traffic scene on a urban road, under normal light and rain weather, showing a same-direction left-rear collision conflict.",same-direction left-rear collision conflict,Normal,Rain,Urban,6
00580.avi,C:\Users\Administrator\Desktop\traffic_accident_project\frames\meta0713\00580\pre_event\00580_pre_01.jpg|C:\Users\Administrator\Desktop\traffic_accident_project\frames\meta0713\00580\pre_event\00580_pre_02.jpg|C:\Users\Administrator\Desktop\traffic_accident_project\frames\meta0713\00580\pre_event\00580_pre_03.jpg|C:\Users\Administrator\Desktop\traffic_accident_project\frames\meta0713\00580\pre_event\00580_pre_04.jpg|C:\Users\Administrator\Desktop\traffic_accident_project\frames\meta0713\00580\pre_event\00580_pre_05.jpg,78|88|99|110|120,"A pre-crash dashcam traffic scene on a urban road, under normal light and clear weather, showing a opposite-direction left-side collision conflict.",opposite-direction left-side collision conflict,Normal,Clear,Urban,2
00044.avi,C:\Users\Administrator\Desktop\traffic_accident_project\frames\meta0713\00044\pre_event\00044_pre_01.jpg|C:\Users\Administrator\Desktop\traffic_accident_project\frames\meta0713\00044\pre_event\00044_pre_02.jpg|C:\Users\Administrator\Desktop\traffic_accident_project\frames\meta0713\00044\pre_event\00044_pre_03.jpg|C:\Users\Administrator\Desktop\traffic_accident_project\frames\meta0713\00044\pre_event\00044_pre_04.jpg|C:\Users\Administrator\Desktop\traffic_accident_project\frames\meta0713\00044\pre_event\00044_pre_05.jpg,96|102|108|114|120,"A pre-crash dashcam traffic scene on a urban road, under normal light and rain weather, showing a opposite-direction right-side collision conflict.",opposite-direction right-side collision conflict,Normal,Rain,Urban,1
00910.avi,C:\Users\Administrator\Desktop\traffic_accident_project\frames\meta0713\00910\pre_event\00910_pre_01.jpg|C:\Users\Administrator\Desktop\traffic_accident_project\frames\meta0713\00910\pre_event\00910_pre_02.jpg|C:\Users\Administrator\Desktop\traffic_accident_project\frames\meta0713\00910\pre_event\00910_pre_03.jpg|C:\Users\Administrator\Desktop\traffic_accident_project\frames\meta0713\00910\pre_event\00910_pre_04.jpg|C:\Users\Administrator\Desktop\traffic_accident_project\frames\meta0713\00910\pre_event\00910_pre_05.jpg,73|85|96|108|120,"A pre-crash dashcam traffic scene on a highway road, under normal light and clear weather, showing a same-direction center rear-end or forward collision conflict.",same-direction center rear-end or forward collision conflict,Normal,Clear,Highway,8
00978.avi,C:\Users\Administrator\Desktop\traffic_accident_project\frames\meta0713\00978\pre_event\00978_pre_01.jpg|C:\Users\Administrator\Desktop\traffic_accident_project\frames\meta0713\00978\pre_event\00978_pre_02.jpg|C:\Users\Administrator\Desktop\traffic_accident_project\frames\meta0713\00978\pre_event\00978_pre_03.jpg|C:\Users\Administrator\Desktop\traffic_accident_project\frames\meta0713\00978\pre_event\00978_pre_04.jpg|C:\Users\Administrator\Desktop\traffic_accident_project\frames\meta0713\00978\pre_event\00978_pre_05.jpg,6|34|63|92|120,"A pre-crash dashcam traffic scene on a sub-urban road, under normal light and clear weather, showing a same-direction right-front collision conflict.",same-direction right-front collision conflict,Normal,Clear,Sub-urban,5
00225.avi,C:\Users\Administrator\Desktop\traffic_accident_project\frames\meta0713\00225\pre_event\00225_pre_01.jpg|C:\Users\Administrator\Desktop\traffic_accident_project\frames\meta0713\00225\pre_event\00225_pre_02.jpg|C:\Users\Administrator\Desktop\traffic_accident_project\frames\meta0713\00225\pre_event\00225_pre_03.jpg|C:\Users\Administrator\Desktop\traffic_accident_project\frames\meta0713\00225\pre_event\00225_pre_04.jpg|C:\Users\Administrator\Desktop\traffic_accident_project\frames\meta0713\00225\pre_event\00225_pre_05.jpg,79|89|100|110|120,"A pre-crash dashcam traffic scene on a other road, under normal light and rain weather, showing a opposite-direction left-side collision conflict.",opposite-direction left-side collision conflict,Normal,Rain,Other,2
00928.avi,C:\Users\Administrator\Desktop\traffic_accident_project\frames\meta0713\00928\pre_event\00928_pre_01.jpg|C:\Users\Administrator\Desktop\traffic_accident_project\frames\meta0713\00928\pre_event\00928_pre_02.jpg|C:\Users\Administrator\Desktop\traffic_accident_project\frames\meta0713\00928\pre_event\00928_pre_03.jpg|C:\Users\Administrator\Desktop\traffic_accident_project\frames\meta0713\00928\pre_event\00928_pre_04.jpg|C:\Users\Administrator\Desktop\traffic_accident_project\frames\meta0713\00928\pre_event\00928_pre_05.jpg,65|79|92|106|120,"A pre-crash dashcam traffic scene on a highway road, under normal light and clear weather, showing a same-direction center rear-end or forward collision conflict.",same-direction center rear-end or forward collision conflict,Normal,Clear,Highway,8
00310.avi,C:\Users\Administrator\Desktop\traffic_accident_project\frames\meta0713\00310\pre_event\00310_pre_01.jpg|C:\Users\Administrator\Desktop\traffic_accident_project\frames\meta0713\00310\pre_event\00310_pre_02.jpg|C:\Users\Administrator\Desktop\traffic_accident_project\frames\meta0713\00310\pre_event\00310_pre_03.jpg|C:\Users\Administrator\Desktop\traffic_accident_project\frames\meta0713\00310\pre_event\00310_pre_04.jpg|C:\Users\Administrator\Desktop\traffic_accident_project\frames\meta0713\00310\pre_event\00310_pre_05.jpg,94|100|107|114|120,"A pre-crash dashcam traffic scene on a urban road, under normal light and cloudy weather, showing a opposite-direction left-side collision conflict.",opposite-direction left-side collision conflict,Normal,Cloudy,Urban,2
00061.avi,C:\Users\Administrator\Desktop\traffic_accident_project\frames\meta0713\00061\pre_event\00061_pre_01.jpg|C:\Users\Administrator\Desktop\traffic_accident_project\frames\meta0713\00061\pre_event\00061_pre_02.jpg|C:\Users\Administrator\Desktop\traffic_accident_project\frames\meta0713\00061\pre_event\00061_pre_03.jpg|C:\Users\Administrator\Desktop\traffic_accident_project\frames\meta0713\00061\pre_event\00061_pre_04.jpg|C:\Users\Administrator\Desktop\traffic_accident_project\frames\meta0713\00061\pre_event\00061_pre_05.jpg,57|73|88|104|120,"A pre-crash dashcam traffic scene on a urban road, under normal light and clear weather, showing a same-direction left-front collision conflict.",same-direction left-front collision conflict,Normal,Clear,Urban,7
00995.avi,C:\Users\Administrator\Desktop\traffic_accident_project\frames\meta0713\00995\pre_event\00995_pre_01.jpg|C:\Users\Administrator\Desktop\traffic_accident_project\frames\meta0713\00995\pre_event\00995_pre_02.jpg|C:\Users\Administrator\Desktop\traffic_accident_project\frames\meta0713\00995\pre_event\00995_pre_03.jpg|C:\Users\Administrator\Desktop\traffic_accident_project\frames\meta0713\00995\pre_event\00995_pre_04.jpg|C:\Users\Administrator\Desktop\traffic_accident_project\frames\meta0713\00995\pre_event\00995_pre_05.jpg,83|92|102|111|120,"A pre-crash dashcam traffic scene on a urban road, under normal light and clear weather, showing a same-direction center rear-end or forward collision conflict.",same-direction center rear-end or forward collision conflict,Normal,Clear,Urban,8
00528.avi,C:\Users\Administrator\Desktop\traffic_accident_project\frames\meta0713\00528\pre_event\00528_pre_01.jpg|C:\Users\Administrator\Desktop\traffic_accident_project\frames\meta0713\00528\pre_event\00528_pre_02.jpg|C:\Users\Administrator\Desktop\traffic_accident_project\frames\meta0713\00528\pre_event\00528_pre_03.jpg|C:\Users\Administrator\Desktop\traffic_accident_project\frames\meta0713\00528\pre_event\00528_pre_04.jpg|C:\Users\Administrator\Desktop\traffic_accident_project\frames\meta0713\00528\pre_event\00528_pre_05.jpg,80|90|100|110|120,"A pre-crash dashcam traffic scene on a industrial road, under normal light and clear weather, showing a same-direction center rear-end or forward collision conflict.",same-direction center rear-end or forward collision conflict,Normal,Clear,Industrial,8
00943.avi,C:\Users\Administrator\Desktop\traffic_accident_project\frames\meta0713\00943\pre_event\00943_pre_01.jpg|C:\Users\Administrator\Desktop\traffic_accident_project\frames\meta0713\00943\pre_event\00943_pre_02.jpg|C:\Users\Administrator\Desktop\traffic_accident_project\frames\meta0713\00943\pre_event\00943_pre_03.jpg|C:\Users\Administrator\Desktop\traffic_accident_project\frames\meta0713\00943\pre_event\00943_pre_04.jpg|C:\Users\Administrator\Desktop\traffic_accident_project\frames\meta0713\00943\pre_event\00943_pre_05.jpg,77|88|98|109|120,"A pre-crash dashcam traffic scene on a sub-urban road, under normal light and clear weather, showing a opposite-direction left-side collision conflict.",opposite-direction left-side collision conflict,Normal,Clear,Sub-urban,2
00618.avi,C:\Users\Administrator\Desktop\traffic_accident_project\frames\meta0713\00618\pre_event\00618_pre_01.jpg|C:\Users\Administrator\Desktop\traffic_accident_project\frames\meta0713\00618\pre_event\00618_pre_02.jpg|C:\Users\Administrator\Desktop\traffic_accident_project\frames\meta0713\00618\pre_event\00618_pre_03.jpg|C:\Users\Administrator\Desktop\traffic_accident_project\frames\meta0713\00618\pre_event\00618_pre_04.jpg|C:\Users\Administrator\Desktop\traffic_accident_project\frames\meta0713\00618\pre_event\00618_pre_05.jpg,81|91|100|110|120,"A pre-crash dashcam traffic scene on a urban road, under normal light and cloudy weather, showing a same-direction left-front collision conflict.",same-direction left-front collision conflict,Normal,Cloudy,Urban,7
00493.avi,C:\Users\Administrator\Desktop\traffic_accident_project\frames\meta0713\00493\pre_event\00493_pre_01.jpg|C:\Users\Administrator\Desktop\traffic_accident_project\frames\meta0713\00493\pre_event\00493_pre_02.jpg|C:\Users\Administrator\Desktop\traffic_accident_project\frames\meta0713\00493\pre_event\00493_pre_03.jpg|C:\Users\Administrator\Desktop\traffic_accident_project\frames\meta0713\00493\pre_event\00493_pre_04.jpg|C:\Users\Administrator\Desktop\traffic_accident_project\frames\meta0713\00493\pre_event\00493_pre_05.jpg,60|75|90|105|120,"A pre-crash dashcam traffic scene on a urban road, under normal light and clear weather, showing a same-direction center rear-end or forward collision conflict.",same-direction center rear-end or forward collision conflict,Normal,Clear,Urban,8
00324.avi,C:\Users\Administrator\Desktop\traffic_accident_project\frames\meta0713\00324\pre_event\00324_pre_01.jpg|C:\Users\Administrator\Desktop\traffic_accident_project\frames\meta0713\00324\pre_event\00324_pre_02.jpg|C:\Users\Administrator\Desktop\traffic_accident_project\frames\meta0713\00324\pre_event\00324_pre_03.jpg|C:\Users\Administrator\Desktop\traffic_accident_project\frames\meta0713\00324\pre_event\00324_pre_04.jpg|C:\Users\Administrator\Desktop\traffic_accident_project\frames\meta0713\00324\pre_event\00324_pre_05.jpg,94|100|107|114|120,"A pre-crash dashcam traffic scene on a urban road, under normal light and clear weather, showing a opposite-direction right-side collision conflict.",opposite-direction right-side collision conflict,Normal,Clear,Urban,1
00387.avi,C:\Users\Administrator\Desktop\traffic_accident_project\frames\meta0713\00387\pre_event\00387_pre_01.jpg|C:\Users\Administrator\Desktop\traffic_accident_project\frames\meta0713\00387\pre_event\00387_pre_02.jpg|C:\Users\Administrator\Desktop\traffic_accident_project\frames\meta0713\00387\pre_event\00387_pre_03.jpg|C:\Users\Administrator\Desktop\traffic_accident_project\frames\meta0713\00387\pre_event\00387_pre_04.jpg|C:\Users\Administrator\Desktop\traffic_accident_project\frames\meta0713\00387\pre_event\00387_pre_05.jpg,69|82|94|107|120,"A pre-crash dashcam traffic scene on a highway road, under normal light and clear weather, showing a same-direction left-front collision conflict.",same-direction left-front collision conflict,Normal,Clear,Highway,7
00657.avi,C:\Users\Administrator\Desktop\traffic_accident_project\frames\meta0713\00657\pre_event\00657_pre_01.jpg|C:\Users\Administrator\Desktop\traffic_accident_project\frames\meta0713\00657\pre_event\00657_pre_02.jpg|C:\Users\Administrator\Desktop\traffic_accident_project\frames\meta0713\00657\pre_event\00657_pre_03.jpg|C:\Users\Administrator\Desktop\traffic_accident_project\frames\meta0713\00657\pre_event\00657_pre_04.jpg|C:\Users\Administrator\Desktop\traffic_accident_project\frames\meta0713\00657\pre_event\00657_pre_05.jpg,61|76|90|105|120,"A pre-crash dashcam traffic scene on a urban road, under normal light and cloudy weather, showing a opposite-direction frontal center collision conflict.",opposite-direction frontal center collision conflict,Normal,Cloudy,Urban,3
00144.avi,C:\Users\Administrator\Desktop\traffic_accident_project\frames\meta0713\00144\pre_event\00144_pre_01.jpg|C:\Users\Administrator\Desktop\traffic_accident_project\frames\meta0713\00144\pre_event\00144_pre_02.jpg|C:\Users\Administrator\Desktop\traffic_accident_project\frames\meta0713\00144\pre_event\00144_pre_03.jpg|C:\Users\Administrator\Desktop\traffic_accident_project\frames\meta0713\00144\pre_event\00144_pre_04.jpg|C:\Users\Administrator\Desktop\traffic_accident_project\frames\meta0713\00144\pre_event\00144_pre_05.jpg,63|77|92|106|120,"A pre-crash dashcam traffic scene on a urban road, under normal light and clear weather, showing a same-direction center rear-end or forward collision conflict.",same-direction center rear-end or forward collision conflict,Normal,Clear,Urban,8
00289.avi,C:\Users\Administrator\Desktop\traffic_accident_project\frames\meta0713\00289\pre_event\00289_pre_01.jpg|C:\Users\Administrator\Desktop\traffic_accident_project\frames\meta0713\00289\pre_event\00289_pre_02.jpg|C:\Users\Administrator\Desktop\traffic_accident_project\frames\meta0713\00289\pre_event\00289_pre_03.jpg|C:\Users\Administrator\Desktop\traffic_accident_project\frames\meta0713\00289\pre_event\00289_pre_04.jpg|C:\Users\Administrator\Desktop\traffic_accident_project\frames\meta0713\00289\pre_event\00289_pre_05.jpg,80|90|100|110|120,"A pre-crash dashcam traffic scene on a urban road, under normal light and clear weather, showing a opposite-direction right-side collision conflict.",opposite-direction right-side collision conflict,Normal,Clear,Urban,1
00697.avi,C:\Users\Administrator\Desktop\traffic_accident_project\frames\meta0713\00697\pre_event\00697_pre_01.jpg|C:\Users\Administrator\Desktop\traffic_accident_project\frames\meta0713\00697\pre_event\00697_pre_02.jpg|C:\Users\Administrator\Desktop\traffic_accident_project\frames\meta0713\00697\pre_event\00697_pre_03.jpg|C:\Users\Administrator\Desktop\traffic_accident_project\frames\meta0713\00697\pre_event\00697_pre_04.jpg|C:\Users\Administrator\Desktop\traffic_accident_project\frames\meta0713\00697\pre_event\00697_pre_05.jpg,114|116|117|118|120,"A pre-crash dashcam traffic scene on a urban road, under normal light and cloudy weather, showing a same-direction left-rear collision conflict.",same-direction left-rear collision conflict,Normal,Cloudy,Urban,6
00967.avi,C:\Users\Administrator\Desktop\traffic_accident_project\frames\meta0713\00967\pre_event\00967_pre_01.jpg|C:\Users\Administrator\Desktop\traffic_accident_project\frames\meta0713\00967\pre_event\00967_pre_02.jpg|C:\Users\Administrator\Desktop\traffic_accident_project\frames\meta0713\00967\pre_event\00967_pre_03.jpg|C:\Users\Administrator\Desktop\traffic_accident_project\frames\meta0713\00967\pre_event\00967_pre_04.jpg|C:\Users\Administrator\Desktop\traffic_accident_project\frames\meta0713\00967\pre_event\00967_pre_05.jpg,68|81|94|107|120,"A pre-crash dashcam traffic scene on a sub-urban road, under normal light and clear weather, showing a opposite-direction frontal center collision conflict.",opposite-direction frontal center collision conflict,Normal,Clear,Sub-urban,3
00110.avi,C:\Users\Administrator\Desktop\traffic_accident_project\frames\meta0713\00110\pre_event\00110_pre_01.jpg|C:\Users\Administrator\Desktop\traffic_accident_project\frames\meta0713\00110\pre_event\00110_pre_02.jpg|C:\Users\Administrator\Desktop\traffic_accident_project\frames\meta0713\00110\pre_event\00110_pre_03.jpg|C:\Users\Administrator\Desktop\traffic_accident_project\frames\meta0713\00110\pre_event\00110_pre_04.jpg|C:\Users\Administrator\Desktop\traffic_accident_project\frames\meta0713\00110\pre_event\00110_pre_05.jpg,28|51|74|97|120,"A pre-crash dashcam traffic scene on a urban road, under normal light and clear weather, showing a same-direction right-front collision conflict.",same-direction right-front collision conflict,Normal,Clear,Urban,5
00019.avi,C:\Users\Administrator\Desktop\traffic_accident_project\frames\meta0713\00019\pre_event\00019_pre_01.jpg|C:\Users\Administrator\Desktop\traffic_accident_project\frames\meta0713\00019\pre_event\00019_pre_02.jpg|C:\Users\Administrator\Desktop\traffic_accident_project\frames\meta0713\00019\pre_event\00019_pre_03.jpg|C:\Users\Administrator\Desktop\traffic_accident_project\frames\meta0713\00019\pre_event\00019_pre_04.jpg|C:\Users\Administrator\Desktop\traffic_accident_project\frames\meta0713\00019\pre_event\00019_pre_05.jpg,103|107|112|116|120,"A pre-crash dashcam traffic scene on a urban road, under bright light and clear weather, showing a opposite-direction right-side collision conflict.",opposite-direction right-side collision conflict,Bright,Clear,Urban,1
00022.avi,C:\Users\Administrator\Desktop\traffic_accident_project\frames\meta0713\00022\pre_event\00022_pre_01.jpg|C:\Users\Administrator\Desktop\traffic_accident_project\frames\meta0713\00022\pre_event\00022_pre_02.jpg|C:\Users\Administrator\Desktop\traffic_accident_project\frames\meta0713\00022\pre_event\00022_pre_03.jpg|C:\Users\Administrator\Desktop\traffic_accident_project\frames\meta0713\00022\pre_event\00022_pre_04.jpg|C:\Users\Administrator\Desktop\traffic_accident_project\frames\meta0713\00022\pre_event\00022_pre_05.jpg,86|94|103|112|120,"A pre-crash dashcam traffic scene on a highway road, under normal light and cloudy weather, showing a same-direction left-front collision conflict.",same-direction left-front collision conflict,Normal,Cloudy,Highway,7
00417.avi,C:\Users\Administrator\Desktop\traffic_accident_project\frames\meta0713\00417\pre_event\00417_pre_01.jpg|C:\Users\Administrator\Desktop\traffic_accident_project\frames\meta0713\00417\pre_event\00417_pre_02.jpg|C:\Users\Administrator\Desktop\traffic_accident_project\frames\meta0713\00417\pre_event\00417_pre_03.jpg|C:\Users\Administrator\Desktop\traffic_accident_project\frames\meta0713\00417\pre_event\00417_pre_04.jpg|C:\Users\Administrator\Desktop\traffic_accident_project\frames\meta0713\00417\pre_event\00417_pre_05.jpg,90|98|105|112|120,"A pre-crash dashcam traffic scene on a highway road, under normal light and clear weather, showing a same-direction center rear-end or forward collision conflict.",same-direction center rear-end or forward collision conflict,Normal,Clear,Highway,8
00270.avi,C:\Users\Administrator\Desktop\traffic_accident_project\frames\meta0713\00270\pre_event\00270_pre_01.jpg|C:\Users\Administrator\Desktop\traffic_accident_project\frames\meta0713\00270\pre_event\00270_pre_02.jpg|C:\Users\Administrator\Desktop\traffic_accident_project\frames\meta0713\00270\pre_event\00270_pre_03.jpg|C:\Users\Administrator\Desktop\traffic_accident_project\frames\meta0713\00270\pre_event\00270_pre_04.jpg|C:\Users\Administrator\Desktop\traffic_accident_project\frames\meta0713\00270\pre_event\00270_pre_05.jpg,71|83|96|108|120,"A pre-crash dashcam traffic scene on a urban road, under normal light and cloudy weather, showing a same-direction right-front collision conflict.",same-direction right-front collision conflict,Normal,Cloudy,Urban,5
00251.avi,C:\Users\Administrator\Desktop\traffic_accident_project\frames\meta0713\00251\pre_event\00251_pre_01.jpg|C:\Users\Administrator\Desktop\traffic_accident_project\frames\meta0713\00251\pre_event\00251_pre_02.jpg|C:\Users\Administrator\Desktop\traffic_accident_project\frames\meta0713\00251\pre_event\00251_pre_03.jpg|C:\Users\Administrator\Desktop\traffic_accident_project\frames\meta0713\00251\pre_event\00251_pre_04.jpg|C:\Users\Administrator\Desktop\traffic_accident_project\frames\meta0713\00251\pre_event\00251_pre_05.jpg,109|112|114|117|120,"A pre-crash dashcam traffic scene on a urban road, under normal light and clear weather, showing a same-direction left-rear collision conflict.",same-direction left-rear collision conflict,Normal,Clear,Urban,6
00918.avi,C:\Users\Administrator\Desktop\traffic_accident_project\frames\meta0713\00918\pre_event\00918_pre_01.jpg|C:\Users\Administrator\Desktop\traffic_accident_project\frames\meta0713\00918\pre_event\00918_pre_02.jpg|C:\Users\Administrator\Desktop\traffic_accident_project\frames\meta0713\00918\pre_event\00918_pre_03.jpg|C:\Users\Administrator\Desktop\traffic_accident_project\frames\meta0713\00918\pre_event\00918_pre_04.jpg|C:\Users\Administrator\Desktop\traffic_accident_project\frames\meta0713\00918\pre_event\00918_pre_05.jpg,106|110|113|116|120,"A pre-crash dashcam traffic scene on a urban road, under normal light and clear weather, showing a same-direction right-rear collision conflict.",same-direction right-rear collision conflict,Normal,Clear,Urban,4
01024.avi,C:\Users\Administrator\Desktop\traffic_accident_project\frames\meta0713\01024\pre_event\01024_pre_01.jpg|C:\Users\Administrator\Desktop\traffic_accident_project\frames\meta0713\01024\pre_event\01024_pre_02.jpg|C:\Users\Administrator\Desktop\traffic_accident_project\frames\meta0713\01024\pre_event\01024_pre_03.jpg|C:\Users\Administrator\Desktop\traffic_accident_project\frames\meta0713\01024\pre_event\01024_pre_04.jpg|C:\Users\Administrator\Desktop\traffic_accident_project\frames\meta0713\01024\pre_event\01024_pre_05.jpg,28|51|74|97|120,"A pre-crash dashcam traffic scene on a highway road, under bright light and clear weather, showing a same-direction right-front collision conflict.",same-direction right-front collision conflict,Bright,Clear,Highway,5
00143.avi,C:\Users\Administrator\Desktop\traffic_accident_project\frames\meta0713\00143\pre_event\00143_pre_01.jpg|C:\Users\Administrator\Desktop\traffic_accident_project\frames\meta0713\00143\pre_event\00143_pre_02.jpg|C:\Users\Administrator\Desktop\traffic_accident_project\frames\meta0713\00143\pre_event\00143_pre_03.jpg|C:\Users\Administrator\Desktop\traffic_accident_project\frames\meta0713\00143\pre_event\00143_pre_04.jpg|C:\Users\Administrator\Desktop\traffic_accident_project\frames\meta0713\00143\pre_event\00143_pre_05.jpg,85|94|102|111|120,"A pre-crash dashcam traffic scene on a sub-urban road, under normal light and cloudy weather, showing a opposite-direction left-side collision conflict.",opposite-direction left-side collision conflict,Normal,Cloudy,Sub-urban,2
00036.avi,C:\Users\Administrator\Desktop\traffic_accident_project\frames\meta0713\00036\pre_event\00036_pre_01.jpg|C:\Users\Administrator\Desktop\traffic_accident_project\frames\meta0713\00036\pre_event\00036_pre_02.jpg|C:\Users\Administrator\Desktop\traffic_accident_project\frames\meta0713\00036\pre_event\00036_pre_03.jpg|C:\Users\Administrator\Desktop\traffic_accident_project\frames\meta0713\00036\pre_event\00036_pre_04.jpg|C:\Users\Administrator\Desktop\traffic_accident_project\frames\meta0713\00036\pre_event\00036_pre_05.jpg,97|103|108|114|120,"A pre-crash dashcam traffic scene on a urban road, under normal light and clear weather, showing a opposite-direction right-side collision conflict.",opposite-direction right-side collision conflict,Normal,Clear,Urban,1
00503.avi,C:\Users\Administrator\Desktop\traffic_accident_project\frames\meta0713\00503\pre_event\00503_pre_01.jpg|C:\Users\Administrator\Desktop\traffic_accident_project\frames\meta0713\00503\pre_event\00503_pre_02.jpg|C:\Users\Administrator\Desktop\traffic_accident_project\frames\meta0713\00503\pre_event\00503_pre_03.jpg|C:\Users\Administrator\Desktop\traffic_accident_project\frames\meta0713\00503\pre_event\00503_pre_04.jpg|C:\Users\Administrator\Desktop\traffic_accident_project\frames\meta0713\00503\pre_event\00503_pre_05.jpg,18|44|69|94|120,"A pre-crash dashcam traffic scene on a urban road, under normal light and cloudy weather, showing a same-direction center rear-end or forward collision conflict.",same-direction center rear-end or forward collision conflict,Normal,Cloudy,Urban,8
00762.avi,C:\Users\Administrator\Desktop\traffic_accident_project\frames\meta0713\00762\pre_event\00762_pre_01.jpg|C:\Users\Administrator\Desktop\traffic_accident_project\frames\meta0713\00762\pre_event\00762_pre_02.jpg|C:\Users\Administrator\Desktop\traffic_accident_project\frames\meta0713\00762\pre_event\00762_pre_03.jpg|C:\Users\Administrator\Desktop\traffic_accident_project\frames\meta0713\00762\pre_event\00762_pre_04.jpg|C:\Users\Administrator\Desktop\traffic_accident_project\frames\meta0713\00762\pre_event\00762_pre_05.jpg,57|73|88|104|120,"A pre-crash dashcam traffic scene on a urban road, under twilight light and cloudy weather, showing a same-direction center rear-end or forward collision conflict.",same-direction center rear-end or forward collision conflict,Twilight,Cloudy,Urban,8
00122.avi,C:\Users\Administrator\Desktop\traffic_accident_project\frames\meta0713\00122\pre_event\00122_pre_01.jpg|C:\Users\Administrator\Desktop\traffic_accident_project\frames\meta0713\00122\pre_event\00122_pre_02.jpg|C:\Users\Administrator\Desktop\traffic_accident_project\frames\meta0713\00122\pre_event\00122_pre_03.jpg|C:\Users\Administrator\Desktop\traffic_accident_project\frames\meta0713\00122\pre_event\00122_pre_04.jpg|C:\Users\Administrator\Desktop\traffic_accident_project\frames\meta0713\00122\pre_event\00122_pre_05.jpg,97|103|108|114|120,"A pre-crash dashcam traffic scene on a urban road, under normal light and clear weather, showing a opposite-direction right-side collision conflict.",opposite-direction right-side collision conflict,Normal,Clear,Urban,1
01031.avi,C:\Users\Administrator\Desktop\traffic_accident_project\frames\meta0713\01031\pre_event\01031_pre_01.jpg|C:\Users\Administrator\Desktop\traffic_accident_project\frames\meta0713\01031\pre_event\01031_pre_02.jpg|C:\Users\Administrator\Desktop\traffic_accident_project\frames\meta0713\01031\pre_event\01031_pre_03.jpg|C:\Users\Administrator\Desktop\traffic_accident_project\frames\meta0713\01031\pre_event\01031_pre_04.jpg|C:\Users\Administrator\Desktop\traffic_accident_project\frames\meta0713\01031\pre_event\01031_pre_05.jpg,104|108|112|116|120,"A pre-crash dashcam traffic scene on a industrial road, under normal light and cloudy weather, showing a same-direction left-rear collision conflict.",same-direction left-rear collision conflict,Normal,Cloudy,Industrial,6
00411.avi,C:\Users\Administrator\Desktop\traffic_accident_project\frames\meta0713\00411\pre_event\00411_pre_01.jpg|C:\Users\Administrator\Desktop\traffic_accident_project\frames\meta0713\00411\pre_event\00411_pre_02.jpg|C:\Users\Administrator\Desktop\traffic_accident_project\frames\meta0713\00411\pre_event\00411_pre_03.jpg|C:\Users\Administrator\Desktop\traffic_accident_project\frames\meta0713\00411\pre_event\00411_pre_04.jpg|C:\Users\Administrator\Desktop\traffic_accident_project\frames\meta0713\00411\pre_event\00411_pre_05.jpg,102|106|111|116|120,"A pre-crash dashcam traffic scene on a urban road, under dark light and clear weather, showing a same-direction left-rear collision conflict.",same-direction left-rear collision conflict,Dark,Clear,Urban,6
00405.avi,C:\Users\Administrator\Desktop\traffic_accident_project\frames\meta0713\00405\pre_event\00405_pre_01.jpg|C:\Users\Administrator\Desktop\traffic_accident_project\frames\meta0713\00405\pre_event\00405_pre_02.jpg|C:\Users\Administrator\Desktop\traffic_accident_project\frames\meta0713\00405\pre_event\00405_pre_03.jpg|C:\Users\Administrator\Desktop\traffic_accident_project\frames\meta0713\00405\pre_event\00405_pre_04.jpg|C:\Users\Administrator\Desktop\traffic_accident_project\frames\meta0713\00405\pre_event\00405_pre_05.jpg,39|59|80|100|120,"A pre-crash dashcam traffic scene on a urban road, under normal light and clear weather, showing a opposite-direction left-side collision conflict.",opposite-direction left-side collision conflict,Normal,Clear,Urban,2
00166.avi,C:\Users\Administrator\Desktop\traffic_accident_project\frames\meta0713\00166\pre_event\00166_pre_01.jpg|C:\Users\Administrator\Desktop\traffic_accident_project\frames\meta0713\00166\pre_event\00166_pre_02.jpg|C:\Users\Administrator\Desktop\traffic_accident_project\frames\meta0713\00166\pre_event\00166_pre_03.jpg|C:\Users\Administrator\Desktop\traffic_accident_project\frames\meta0713\00166\pre_event\00166_pre_04.jpg|C:\Users\Administrator\Desktop\traffic_accident_project\frames\meta0713\00166\pre_event\00166_pre_05.jpg,77|88|98|109|120,"A pre-crash dashcam traffic scene on a urban road, under normal light and clear weather, showing a opposite-direction left-side collision conflict.",opposite-direction left-side collision conflict,Normal,Clear,Urban,2
00707.avi,C:\Users\Administrator\Desktop\traffic_accident_project\frames\meta0713\00707\pre_event\00707_pre_01.jpg|C:\Users\Administrator\Desktop\traffic_accident_project\frames\meta0713\00707\pre_event\00707_pre_02.jpg|C:\Users\Administrator\Desktop\traffic_accident_project\frames\meta0713\00707\pre_event\00707_pre_03.jpg|C:\Users\Administrator\Desktop\traffic_accident_project\frames\meta0713\00707\pre_event\00707_pre_04.jpg|C:\Users\Administrator\Desktop\traffic_accident_project\frames\meta0713\00707\pre_event\00707_pre_05.jpg,54|70|87|104|120,"A pre-crash dashcam traffic scene on a urban road, under normal light and clear weather, showing a same-direction right-front collision conflict.",same-direction right-front collision conflict,Normal,Clear,Urban,5
00308.avi,C:\Users\Administrator\Desktop\traffic_accident_project\frames\meta0713\00308\pre_event\00308_pre_01.jpg|C:\Users\Administrator\Desktop\traffic_accident_project\frames\meta0713\00308\pre_event\00308_pre_02.jpg|C:\Users\Administrator\Desktop\traffic_accident_project\frames\meta0713\00308\pre_event\00308_pre_03.jpg|C:\Users\Administrator\Desktop\traffic_accident_project\frames\meta0713\00308\pre_event\00308_pre_04.jpg|C:\Users\Administrator\Desktop\traffic_accident_project\frames\meta0713\00308\pre_event\00308_pre_05.jpg,22|46|71|96|120,"A pre-crash dashcam traffic scene on a urban road, under normal light and clear weather, showing a same-direction center rear-end or forward collision conflict.",same-direction center rear-end or forward collision conflict,Normal,Clear,Urban,8
00135.avi,C:\Users\Administrator\Desktop\traffic_accident_project\frames\meta0713\00135\pre_event\00135_pre_01.jpg|C:\Users\Administrator\Desktop\traffic_accident_project\frames\meta0713\00135\pre_event\00135_pre_02.jpg|C:\Users\Administrator\Desktop\traffic_accident_project\frames\meta0713\00135\pre_event\00135_pre_03.jpg|C:\Users\Administrator\Desktop\traffic_accident_project\frames\meta0713\00135\pre_event\00135_pre_04.jpg|C:\Users\Administrator\Desktop\traffic_accident_project\frames\meta0713\00135\pre_event\00135_pre_05.jpg,113|115|116|118|120,"A pre-crash dashcam traffic scene on a urban road, under normal light and clear weather, showing a same-direction left-rear collision conflict.",same-direction left-rear collision conflict,Normal,Clear,Urban,6
00691.avi,C:\Users\Administrator\Desktop\traffic_accident_project\frames\meta0713\00691\pre_event\00691_pre_01.jpg|C:\Users\Administrator\Desktop\traffic_accident_project\frames\meta0713\00691\pre_event\00691_pre_02.jpg|C:\Users\Administrator\Desktop\traffic_accident_project\frames\meta0713\00691\pre_event\00691_pre_03.jpg|C:\Users\Administrator\Desktop\traffic_accident_project\frames\meta0713\00691\pre_event\00691_pre_04.jpg|C:\Users\Administrator\Desktop\traffic_accident_project\frames\meta0713\00691\pre_event\00691_pre_05.jpg,89|97|104|112|120,"A pre-crash dashcam traffic scene on a urban road, under normal light and rain weather, showing a same-direction center rear-end or forward collision conflict.",same-direction center rear-end or forward collision conflict,Normal,Rain,Urban,8
00085.avi,C:\Users\Administrator\Desktop\traffic_accident_project\frames\meta0713\00085\pre_event\00085_pre_01.jpg|C:\Users\Administrator\Desktop\traffic_accident_project\frames\meta0713\00085\pre_event\00085_pre_02.jpg|C:\Users\Administrator\Desktop\traffic_accident_project\frames\meta0713\00085\pre_event\00085_pre_03.jpg|C:\Users\Administrator\Desktop\traffic_accident_project\frames\meta0713\00085\pre_event\00085_pre_04.jpg|C:\Users\Administrator\Desktop\traffic_accident_project\frames\meta0713\00085\pre_event\00085_pre_05.jpg,108|111|114|117|120,"A pre-crash dashcam traffic scene on a urban road, under normal light and clear weather, showing a opposite-direction left-side collision conflict.",opposite-direction left-side collision conflict,Normal,Clear,Urban,2
00059.avi,C:\Users\Administrator\Desktop\traffic_accident_project\frames\meta0713\00059\pre_event\00059_pre_01.jpg|C:\Users\Administrator\Desktop\traffic_accident_project\frames\meta0713\00059\pre_event\00059_pre_02.jpg|C:\Users\Administrator\Desktop\traffic_accident_project\frames\meta0713\00059\pre_event\00059_pre_03.jpg|C:\Users\Administrator\Desktop\traffic_accident_project\frames\meta0713\00059\pre_event\00059_pre_04.jpg|C:\Users\Administrator\Desktop\traffic_accident_project\frames\meta0713\00059\pre_event\00059_pre_05.jpg,111|113|116|118|120,"A pre-crash dashcam traffic scene on a urban road, under normal light and cloudy weather, showing a same-direction right-rear collision conflict.",same-direction right-rear collision conflict,Normal,Cloudy,Urban,4
00217.avi,C:\Users\Administrator\Desktop\traffic_accident_project\frames\meta0713\00217\pre_event\00217_pre_01.jpg|C:\Users\Administrator\Desktop\traffic_accident_project\frames\meta0713\00217\pre_event\00217_pre_02.jpg|C:\Users\Administrator\Desktop\traffic_accident_project\frames\meta0713\00217\pre_event\00217_pre_03.jpg|C:\Users\Administrator\Desktop\traffic_accident_project\frames\meta0713\00217\pre_event\00217_pre_04.jpg|C:\Users\Administrator\Desktop\traffic_accident_project\frames\meta0713\00217\pre_event\00217_pre_05.jpg,92|99|106|113|120,"A pre-crash dashcam traffic scene on a urban road, under bright light and clear weather, showing a same-direction left-rear collision conflict.",same-direction left-rear collision conflict,Bright,Clear,Urban,6
00644.avi,C:\Users\Administrator\Desktop\traffic_accident_project\frames\meta0713\00644\pre_event\00644_pre_01.jpg|C:\Users\Administrator\Desktop\traffic_accident_project\frames\meta0713\00644\pre_event\00644_pre_02.jpg|C:\Users\Administrator\Desktop\traffic_accident_project\frames\meta0713\00644\pre_event\00644_pre_03.jpg|C:\Users\Administrator\Desktop\traffic_accident_project\frames\meta0713\00644\pre_event\00644_pre_04.jpg|C:\Users\Administrator\Desktop\traffic_accident_project\frames\meta0713\00644\pre_event\00644_pre_05.jpg,61|76|90|105|120,"A pre-crash dashcam traffic scene on a urban road, under normal light and clear weather, showing a same-direction left-front collision conflict.",same-direction left-front collision conflict,Normal,Clear,Urban,7
00418.avi,C:\Users\Administrator\Desktop\traffic_accident_project\frames\meta0713\00418\pre_event\00418_pre_01.jpg|C:\Users\Administrator\Desktop\traffic_accident_project\frames\meta0713\00418\pre_event\00418_pre_02.jpg|C:\Users\Administrator\Desktop\traffic_accident_project\frames\meta0713\00418\pre_event\00418_pre_03.jpg|C:\Users\Administrator\Desktop\traffic_accident_project\frames\meta0713\00418\pre_event\00418_pre_04.jpg|C:\Users\Administrator\Desktop\traffic_accident_project\frames\meta0713\00418\pre_event\00418_pre_05.jpg,72|84|96|108|120,"A pre-crash dashcam traffic scene on a urban road, under twilight light and clear weather, showing a same-direction center rear-end or forward collision conflict.",same-direction center rear-end or forward collision conflict,Twilight,Clear,Urban,8
00584.avi,C:\Users\Administrator\Desktop\traffic_accident_project\frames\meta0713\00584\pre_event\00584_pre_01.jpg|C:\Users\Administrator\Desktop\traffic_accident_project\frames\meta0713\00584\pre_event\00584_pre_02.jpg|C:\Users\Administrator\Desktop\traffic_accident_project\frames\meta0713\00584\pre_event\00584_pre_03.jpg|C:\Users\Administrator\Desktop\traffic_accident_project\frames\meta0713\00584\pre_event\00584_pre_04.jpg|C:\Users\Administrator\Desktop\traffic_accident_project\frames\meta0713\00584\pre_event\00584_pre_05.jpg,1|31|60|90|120,"A pre-crash dashcam traffic scene on a highway road, under normal light and cloudy weather, showing a same-direction center rear-end or forward collision conflict.",same-direction center rear-end or forward collision conflict,Normal,Cloudy,Highway,8
00082.avi,C:\Users\Administrator\Desktop\traffic_accident_project\frames\meta0713\00082\pre_event\00082_pre_01.jpg|C:\Users\Administrator\Desktop\traffic_accident_project\frames\meta0713\00082\pre_event\00082_pre_02.jpg|C:\Users\Administrator\Desktop\traffic_accident_project\frames\meta0713\00082\pre_event\00082_pre_03.jpg|C:\Users\Administrator\Desktop\traffic_accident_project\frames\meta0713\00082\pre_event\00082_pre_04.jpg|C:\Users\Administrator\Desktop\traffic_accident_project\frames\meta0713\00082\pre_event\00082_pre_05.jpg,37|58|78|99|120,"A pre-crash dashcam traffic scene on a urban road, under normal light and cloudy weather, showing a same-direction right-front collision conflict.",same-direction right-front collision conflict,Normal,Cloudy,Urban,5
00823.avi,C:\Users\Administrator\Desktop\traffic_accident_project\frames\meta0713\00823\pre_event\00823_pre_01.jpg|C:\Users\Administrator\Desktop\traffic_accident_project\frames\meta0713\00823\pre_event\00823_pre_02.jpg|C:\Users\Administrator\Desktop\traffic_accident_project\frames\meta0713\00823\pre_event\00823_pre_03.jpg|C:\Users\Administrator\Desktop\traffic_accident_project\frames\meta0713\00823\pre_event\00823_pre_04.jpg|C:\Users\Administrator\Desktop\traffic_accident_project\frames\meta0713\00823\pre_event\00823_pre_05.jpg,75|86|98|109|120,"A pre-crash dashcam traffic scene on a sub-urban road, under dark light and clear weather, showing a opposite-direction frontal center collision conflict.",opposite-direction frontal center collision conflict,Dark,Clear,Sub-urban,3
00820.avi,C:\Users\Administrator\Desktop\traffic_accident_project\frames\meta0713\00820\pre_event\00820_pre_01.jpg|C:\Users\Administrator\Desktop\traffic_accident_project\frames\meta0713\00820\pre_event\00820_pre_02.jpg|C:\Users\Administrator\Desktop\traffic_accident_project\frames\meta0713\00820\pre_event\00820_pre_03.jpg|C:\Users\Administrator\Desktop\traffic_accident_project\frames\meta0713\00820\pre_event\00820_pre_04.jpg|C:\Users\Administrator\Desktop\traffic_accident_project\frames\meta0713\00820\pre_event\00820_pre_05.jpg,54|70|87|104|120,"A pre-crash dashcam traffic scene on a urban road, under twilight light and cloudy weather, showing a same-direction center rear-end or forward collision conflict.",same-direction center rear-end or forward collision conflict,Twilight,Cloudy,Urban,8
00703.avi,C:\Users\Administrator\Desktop\traffic_accident_project\frames\meta0713\00703\pre_event\00703_pre_01.jpg|C:\Users\Administrator\Desktop\traffic_accident_project\frames\meta0713\00703\pre_event\00703_pre_02.jpg|C:\Users\Administrator\Desktop\traffic_accident_project\frames\meta0713\00703\pre_event\00703_pre_03.jpg|C:\Users\Administrator\Desktop\traffic_accident_project\frames\meta0713\00703\pre_event\00703_pre_04.jpg|C:\Users\Administrator\Desktop\traffic_accident_project\frames\meta0713\00703\pre_event\00703_pre_05.jpg,69|82|94|107|120,"A pre-crash dashcam traffic scene on a highway road, under normal light and clear weather, showing a same-direction center rear-end or forward collision conflict.",same-direction center rear-end or forward collision conflict,Normal,Clear,Highway,8
01039.avi,C:\Users\Administrator\Desktop\traffic_accident_project\frames\meta0713\01039\pre_event\01039_pre_01.jpg|C:\Users\Administrator\Desktop\traffic_accident_project\frames\meta0713\01039\pre_event\01039_pre_02.jpg|C:\Users\Administrator\Desktop\traffic_accident_project\frames\meta0713\01039\pre_event\01039_pre_03.jpg|C:\Users\Administrator\Desktop\traffic_accident_project\frames\meta0713\01039\pre_event\01039_pre_04.jpg|C:\Users\Administrator\Desktop\traffic_accident_project\frames\meta0713\01039\pre_event\01039_pre_05.jpg,99|104|110|115|120,"A pre-crash dashcam traffic scene on a sub-urban road, under normal light and clear weather, showing a same-direction right-front collision conflict.",same-direction right-front collision conflict,Normal,Clear,Sub-urban,5
00180.avi,C:\Users\Administrator\Desktop\traffic_accident_project\frames\meta0713\00180\pre_event\00180_pre_01.jpg|C:\Users\Administrator\Desktop\traffic_accident_project\frames\meta0713\00180\pre_event\00180_pre_02.jpg|C:\Users\Administrator\Desktop\traffic_accident_project\frames\meta0713\00180\pre_event\00180_pre_03.jpg|C:\Users\Administrator\Desktop\traffic_accident_project\frames\meta0713\00180\pre_event\00180_pre_04.jpg|C:\Users\Administrator\Desktop\traffic_accident_project\frames\meta0713\00180\pre_event\00180_pre_05.jpg,90|98|105|112|120,"A pre-crash dashcam traffic scene on a urban road, under normal light and cloudy weather, showing a same-direction left-front collision conflict.",same-direction left-front collision conflict,Normal,Cloudy,Urban,7
00909.avi,C:\Users\Administrator\Desktop\traffic_accident_project\frames\meta0713\00909\pre_event\00909_pre_01.jpg|C:\Users\Administrator\Desktop\traffic_accident_project\frames\meta0713\00909\pre_event\00909_pre_02.jpg|C:\Users\Administrator\Desktop\traffic_accident_project\frames\meta0713\00909\pre_event\00909_pre_03.jpg|C:\Users\Administrator\Desktop\traffic_accident_project\frames\meta0713\00909\pre_event\00909_pre_04.jpg|C:\Users\Administrator\Desktop\traffic_accident_project\frames\meta0713\00909\pre_event\00909_pre_05.jpg,52|69|86|103|120,"A pre-crash dashcam traffic scene on a urban road, under normal light and clear weather, showing a opposite-direction left-side collision conflict.",opposite-direction left-side collision conflict,Normal,Clear,Urban,2
00769.avi,C:\Users\Administrator\Desktop\traffic_accident_project\frames\meta0713\00769\pre_event\00769_pre_01.jpg|C:\Users\Administrator\Desktop\traffic_accident_project\frames\meta0713\00769\pre_event\00769_pre_02.jpg|C:\Users\Administrator\Desktop\traffic_accident_project\frames\meta0713\00769\pre_event\00769_pre_03.jpg|C:\Users\Administrator\Desktop\traffic_accident_project\frames\meta0713\00769\pre_event\00769_pre_04.jpg|C:\Users\Administrator\Desktop\traffic_accident_project\frames\meta0713\00769\pre_event\00769_pre_05.jpg,69|82|94|107|120,"A pre-crash dashcam traffic scene on a urban road, under twilight light and clear weather, showing a same-direction right-front collision conflict.",same-direction right-front collision conflict,Twilight,Clear,Urban,5
00827.avi,C:\Users\Administrator\Desktop\traffic_accident_project\frames\meta0713\00827\pre_event\00827_pre_01.jpg|C:\Users\Administrator\Desktop\traffic_accident_project\frames\meta0713\00827\pre_event\00827_pre_02.jpg|C:\Users\Administrator\Desktop\traffic_accident_project\frames\meta0713\00827\pre_event\00827_pre_03.jpg|C:\Users\Administrator\Desktop\traffic_accident_project\frames\meta0713\00827\pre_event\00827_pre_04.jpg|C:\Users\Administrator\Desktop\traffic_accident_project\frames\meta0713\00827\pre_event\00827_pre_05.jpg,84|93|102|111|120,"A pre-crash dashcam traffic scene on a urban road, under normal light and cloudy weather, showing a opposite-direction frontal center collision conflict.",opposite-direction frontal center collision conflict,Normal,Cloudy,Urban,3
00828.avi,C:\Users\Administrator\Desktop\traffic_accident_project\frames\meta0713\00828\pre_event\00828_pre_01.jpg|C:\Users\Administrator\Desktop\traffic_accident_project\frames\meta0713\00828\pre_event\00828_pre_02.jpg|C:\Users\Administrator\Desktop\traffic_accident_project\frames\meta0713\00828\pre_event\00828_pre_03.jpg|C:\Users\Administrator\Desktop\traffic_accident_project\frames\meta0713\00828\pre_event\00828_pre_04.jpg|C:\Users\Administrator\Desktop\traffic_accident_project\frames\meta0713\00828\pre_event\00828_pre_05.jpg,85|94|102|111|120,"A pre-crash dashcam traffic scene on a urban road, under normal light and cloudy weather, showing a same-direction left-front collision conflict.",same-direction left-front collision conflict,Normal,Cloudy,Urban,7
00715.avi,C:\Users\Administrator\Desktop\traffic_accident_project\frames\meta0713\00715\pre_event\00715_pre_01.jpg|C:\Users\Administrator\Desktop\traffic_accident_project\frames\meta0713\00715\pre_event\00715_pre_02.jpg|C:\Users\Administrator\Desktop\traffic_accident_project\frames\meta0713\00715\pre_event\00715_pre_03.jpg|C:\Users\Administrator\Desktop\traffic_accident_project\frames\meta0713\00715\pre_event\00715_pre_04.jpg|C:\Users\Administrator\Desktop\traffic_accident_project\frames\meta0713\00715\pre_event\00715_pre_05.jpg,42|62|81|100|120,"A pre-crash dashcam traffic scene on a other road, under normal light and cloudy weather, showing a opposite-direction left-side collision conflict.",opposite-direction left-side collision conflict,Normal,Cloudy,Other,2
00195.avi,C:\Users\Administrator\Desktop\traffic_accident_project\frames\meta0713\00195\pre_event\00195_pre_01.jpg|C:\Users\Administrator\Desktop\traffic_accident_project\frames\meta0713\00195\pre_event\00195_pre_02.jpg|C:\Users\Administrator\Desktop\traffic_accident_project\frames\meta0713\00195\pre_event\00195_pre_03.jpg|C:\Users\Administrator\Desktop\traffic_accident_project\frames\meta0713\00195\pre_event\00195_pre_04.jpg|C:\Users\Administrator\Desktop\traffic_accident_project\frames\meta0713\00195\pre_event\00195_pre_05.jpg,102|106|111|116|120,"A pre-crash dashcam traffic scene on a urban road, under normal light and clear weather, showing a opposite-direction right-side collision conflict.",opposite-direction right-side collision conflict,Normal,Clear,Urban,1
00968.avi,C:\Users\Administrator\Desktop\traffic_accident_project\frames\meta0713\00968\pre_event\00968_pre_01.jpg|C:\Users\Administrator\Desktop\traffic_accident_project\frames\meta0713\00968\pre_event\00968_pre_02.jpg|C:\Users\Administrator\Desktop\traffic_accident_project\frames\meta0713\00968\pre_event\00968_pre_03.jpg|C:\Users\Administrator\Desktop\traffic_accident_project\frames\meta0713\00968\pre_event\00968_pre_04.jpg|C:\Users\Administrator\Desktop\traffic_accident_project\frames\meta0713\00968\pre_event\00968_pre_05.jpg,46|64|83|102|120,"A pre-crash dashcam traffic scene on a urban road, under normal light and rain weather, showing a same-direction left-front collision conflict.",same-direction left-front collision conflict,Normal,Rain,Urban,7
00331.avi,C:\Users\Administrator\Desktop\traffic_accident_project\frames\meta0713\00331\pre_event\00331_pre_01.jpg|C:\Users\Administrator\Desktop\traffic_accident_project\frames\meta0713\00331\pre_event\00331_pre_02.jpg|C:\Users\Administrator\Desktop\traffic_accident_project\frames\meta0713\00331\pre_event\00331_pre_03.jpg|C:\Users\Administrator\Desktop\traffic_accident_project\frames\meta0713\00331\pre_event\00331_pre_04.jpg|C:\Users\Administrator\Desktop\traffic_accident_project\frames\meta0713\00331\pre_event\00331_pre_05.jpg,74|86|97|108|120,"A pre-crash dashcam traffic scene on a other road, under normal light and clear weather, showing a same-direction center rear-end or forward collision conflict.",same-direction center rear-end or forward collision conflict,Normal,Clear,Other,8
00661.avi,C:\Users\Administrator\Desktop\traffic_accident_project\frames\meta0713\00661\pre_event\00661_pre_01.jpg|C:\Users\Administrator\Desktop\traffic_accident_project\frames\meta0713\00661\pre_event\00661_pre_02.jpg|C:\Users\Administrator\Desktop\traffic_accident_project\frames\meta0713\00661\pre_event\00661_pre_03.jpg|C:\Users\Administrator\Desktop\traffic_accident_project\frames\meta0713\00661\pre_event\00661_pre_04.jpg|C:\Users\Administrator\Desktop\traffic_accident_project\frames\meta0713\00661\pre_event\00661_pre_05.jpg,21|46|70|95|120,"A pre-crash dashcam traffic scene on a highway road, under normal light and cloudy weather, showing a same-direction right-front collision conflict.",same-direction right-front collision conflict,Normal,Cloudy,Highway,5
00063.avi,C:\Users\Administrator\Desktop\traffic_accident_project\frames\meta0713\00063\pre_event\00063_pre_01.jpg|C:\Users\Administrator\Desktop\traffic_accident_project\frames\meta0713\00063\pre_event\00063_pre_02.jpg|C:\Users\Administrator\Desktop\traffic_accident_project\frames\meta0713\00063\pre_event\00063_pre_03.jpg|C:\Users\Administrator\Desktop\traffic_accident_project\frames\meta0713\00063\pre_event\00063_pre_04.jpg|C:\Users\Administrator\Desktop\traffic_accident_project\frames\meta0713\00063\pre_event\00063_pre_05.jpg,68|81|94|107|120,"A pre-crash dashcam traffic scene on a urban road, under normal light and cloudy weather, showing a same-direction left-front collision conflict.",same-direction left-front collision conflict,Normal,Cloudy,Urban,7
00078.avi,C:\Users\Administrator\Desktop\traffic_accident_project\frames\meta0713\00078\pre_event\00078_pre_01.jpg|C:\Users\Administrator\Desktop\traffic_accident_project\frames\meta0713\00078\pre_event\00078_pre_02.jpg|C:\Users\Administrator\Desktop\traffic_accident_project\frames\meta0713\00078\pre_event\00078_pre_03.jpg|C:\Users\Administrator\Desktop\traffic_accident_project\frames\meta0713\00078\pre_event\00078_pre_04.jpg|C:\Users\Administrator\Desktop\traffic_accident_project\frames\meta0713\00078\pre_event\00078_pre_05.jpg,93|100|106|113|120,"A pre-crash dashcam traffic scene on a urban road, under normal light and cloudy weather, showing a same-direction center rear-end or forward collision conflict.",same-direction center rear-end or forward collision conflict,Normal,Cloudy,Urban,8
00269.avi,C:\Users\Administrator\Desktop\traffic_accident_project\frames\meta0713\00269\pre_event\00269_pre_01.jpg|C:\Users\Administrator\Desktop\traffic_accident_project\frames\meta0713\00269\pre_event\00269_pre_02.jpg|C:\Users\Administrator\Desktop\traffic_accident_project\frames\meta0713\00269\pre_event\00269_pre_03.jpg|C:\Users\Administrator\Desktop\traffic_accident_project\frames\meta0713\00269\pre_event\00269_pre_04.jpg|C:\Users\Administrator\Desktop\traffic_accident_project\frames\meta0713\00269\pre_event\00269_pre_05.jpg,89|97|104|112|120,"A pre-crash dashcam traffic scene on a urban road, under normal light and cloudy weather, showing a opposite-direction right-side collision conflict.",opposite-direction right-side collision conflict,Normal,Cloudy,Urban,1
00294.avi,C:\Users\Administrator\Desktop\traffic_accident_project\frames\meta0713\00294\pre_event\00294_pre_01.jpg|C:\Users\Administrator\Desktop\traffic_accident_project\frames\meta0713\00294\pre_event\00294_pre_02.jpg|C:\Users\Administrator\Desktop\traffic_accident_project\frames\meta0713\00294\pre_event\00294_pre_03.jpg|C:\Users\Administrator\Desktop\traffic_accident_project\frames\meta0713\00294\pre_event\00294_pre_04.jpg|C:\Users\Administrator\Desktop\traffic_accident_project\frames\meta0713\00294\pre_event\00294_pre_05.jpg,27|50|74|97|120,"A pre-crash dashcam traffic scene on a urban road, under normal light and clear weather, showing a same-direction center rear-end or forward collision conflict.",same-direction center rear-end or forward collision conflict,Normal,Clear,Urban,8
00838.avi,C:\Users\Administrator\Desktop\traffic_accident_project\frames\meta0713\00838\pre_event\00838_pre_01.jpg|C:\Users\Administrator\Desktop\traffic_accident_project\frames\meta0713\00838\pre_event\00838_pre_02.jpg|C:\Users\Administrator\Desktop\traffic_accident_project\frames\meta0713\00838\pre_event\00838_pre_03.jpg|C:\Users\Administrator\Desktop\traffic_accident_project\frames\meta0713\00838\pre_event\00838_pre_04.jpg|C:\Users\Administrator\Desktop\traffic_accident_project\frames\meta0713\00838\pre_event\00838_pre_05.jpg,17|43|68|94|120,"A pre-crash dashcam traffic scene on a highway road, under normal light and clear weather, showing a same-direction center rear-end or forward collision conflict.",same-direction center rear-end or forward collision conflict,Normal,Clear,Highway,8
00658.avi,C:\Users\Administrator\Desktop\traffic_accident_project\frames\meta0713\00658\pre_event\00658_pre_01.jpg|C:\Users\Administrator\Desktop\traffic_accident_project\frames\meta0713\00658\pre_event\00658_pre_02.jpg|C:\Users\Administrator\Desktop\traffic_accident_project\frames\meta0713\00658\pre_event\00658_pre_03.jpg|C:\Users\Administrator\Desktop\traffic_accident_project\frames\meta0713\00658\pre_event\00658_pre_04.jpg|C:\Users\Administrator\Desktop\traffic_accident_project\frames\meta0713\00658\pre_event\00658_pre_05.jpg,108|111|114|117|120,"A pre-crash dashcam traffic scene on a highway road, under normal light and cloudy weather, showing a same-direction right-front collision conflict.",same-direction right-front collision conflict,Normal,Cloudy,Highway,5
00138.avi,C:\Users\Administrator\Desktop\traffic_accident_project\frames\meta0713\00138\pre_event\00138_pre_01.jpg|C:\Users\Administrator\Desktop\traffic_accident_project\frames\meta0713\00138\pre_event\00138_pre_02.jpg|C:\Users\Administrator\Desktop\traffic_accident_project\frames\meta0713\00138\pre_event\00138_pre_03.jpg|C:\Users\Administrator\Desktop\traffic_accident_project\frames\meta0713\00138\pre_event\00138_pre_04.jpg|C:\Users\Administrator\Desktop\traffic_accident_project\frames\meta0713\00138\pre_event\00138_pre_05.jpg,63|77|92|106|120,"A pre-crash dashcam traffic scene on a highway road, under normal light and clear weather, showing a same-direction left-front collision conflict.",same-direction left-front collision conflict,Normal,Clear,Highway,7
00608.avi,C:\Users\Administrator\Desktop\traffic_accident_project\frames\meta0713\00608\pre_event\00608_pre_01.jpg|C:\Users\Administrator\Desktop\traffic_accident_project\frames\meta0713\00608\pre_event\00608_pre_02.jpg|C:\Users\Administrator\Desktop\traffic_accident_project\frames\meta0713\00608\pre_event\00608_pre_03.jpg|C:\Users\Administrator\Desktop\traffic_accident_project\frames\meta0713\00608\pre_event\00608_pre_04.jpg|C:\Users\Administrator\Desktop\traffic_accident_project\frames\meta0713\00608\pre_event\00608_pre_05.jpg,32|54|76|98|120,"A pre-crash dashcam traffic scene on a urban road, under normal light and cloudy weather, showing a same-direction center rear-end or forward collision conflict.",same-direction center rear-end or forward collision conflict,Normal,Cloudy,Urban,8
00023.avi,C:\Users\Administrator\Desktop\traffic_accident_project\frames\meta0713\00023\pre_event\00023_pre_01.jpg|C:\Users\Administrator\Desktop\traffic_accident_project\frames\meta0713\00023\pre_event\00023_pre_02.jpg|C:\Users\Administrator\Desktop\traffic_accident_project\frames\meta0713\00023\pre_event\00023_pre_03.jpg|C:\Users\Administrator\Desktop\traffic_accident_project\frames\meta0713\00023\pre_event\00023_pre_04.jpg|C:\Users\Administrator\Desktop\traffic_accident_project\frames\meta0713\00023\pre_event\00023_pre_05.jpg,92|99|106|113|120,"A pre-crash dashcam traffic scene on a urban road, under normal light and cloudy weather, showing a opposite-direction left-side collision conflict.",opposite-direction left-side collision conflict,Normal,Cloudy,Urban,2
00626.avi,C:\Users\Administrator\Desktop\traffic_accident_project\frames\meta0713\00626\pre_event\00626_pre_01.jpg|C:\Users\Administrator\Desktop\traffic_accident_project\frames\meta0713\00626\pre_event\00626_pre_02.jpg|C:\Users\Administrator\Desktop\traffic_accident_project\frames\meta0713\00626\pre_event\00626_pre_03.jpg|C:\Users\Administrator\Desktop\traffic_accident_project\frames\meta0713\00626\pre_event\00626_pre_04.jpg|C:\Users\Administrator\Desktop\traffic_accident_project\frames\meta0713\00626\pre_event\00626_pre_05.jpg,73|85|96|108|120,"A pre-crash dashcam traffic scene on a urban road, under normal light and clear weather, showing a opposite-direction frontal center collision conflict.",opposite-direction frontal center collision conflict,Normal,Clear,Urban,3
00244.avi,C:\Users\Administrator\Desktop\traffic_accident_project\frames\meta0713\00244\pre_event\00244_pre_01.jpg|C:\Users\Administrator\Desktop\traffic_accident_project\frames\meta0713\00244\pre_event\00244_pre_02.jpg|C:\Users\Administrator\Desktop\traffic_accident_project\frames\meta0713\00244\pre_event\00244_pre_03.jpg|C:\Users\Administrator\Desktop\traffic_accident_project\frames\meta0713\00244\pre_event\00244_pre_04.jpg|C:\Users\Administrator\Desktop\traffic_accident_project\frames\meta0713\00244\pre_event\00244_pre_05.jpg,85|94|102|111|120,"A pre-crash dashcam traffic scene on a urban road, under normal light and cloudy weather, showing a opposite-direction frontal center collision conflict.",opposite-direction frontal center collision conflict,Normal,Cloudy,Urban,3
00444.avi,C:\Users\Administrator\Desktop\traffic_accident_project\frames\meta0713\00444\pre_event\00444_pre_01.jpg|C:\Users\Administrator\Desktop\traffic_accident_project\frames\meta0713\00444\pre_event\00444_pre_02.jpg|C:\Users\Administrator\Desktop\traffic_accident_project\frames\meta0713\00444\pre_event\00444_pre_03.jpg|C:\Users\Administrator\Desktop\traffic_accident_project\frames\meta0713\00444\pre_event\00444_pre_04.jpg|C:\Users\Administrator\Desktop\traffic_accident_project\frames\meta0713\00444\pre_event\00444_pre_05.jpg,35|56|78|99|120,"A pre-crash dashcam traffic scene on a urban road, under normal light and cloudy weather, showing a same-direction center rear-end or forward collision conflict.",same-direction center rear-end or forward collision conflict,Normal,Cloudy,Urban,8
00872.avi,C:\Users\Administrator\Desktop\traffic_accident_project\frames\meta0713\00872\pre_event\00872_pre_01.jpg|C:\Users\Administrator\Desktop\traffic_accident_project\frames\meta0713\00872\pre_event\00872_pre_02.jpg|C:\Users\Administrator\Desktop\traffic_accident_project\frames\meta0713\00872\pre_event\00872_pre_03.jpg|C:\Users\Administrator\Desktop\traffic_accident_project\frames\meta0713\00872\pre_event\00872_pre_04.jpg|C:\Users\Administrator\Desktop\traffic_accident_project\frames\meta0713\00872\pre_event\00872_pre_05.jpg,91|98|106|113|120,"A pre-crash dashcam traffic scene on a highway road, under normal light and cloudy weather, showing a same-direction right-front collision conflict.",same-direction right-front collision conflict,Normal,Cloudy,Highway,5
00000.avi,C:\Users\Administrator\Desktop\traffic_accident_project\frames\meta0713\00000\pre_event\00000_pre_01.jpg|C:\Users\Administrator\Desktop\traffic_accident_project\frames\meta0713\00000\pre_event\00000_pre_02.jpg|C:\Users\Administrator\Desktop\traffic_accident_project\frames\meta0713\00000\pre_event\00000_pre_03.jpg|C:\Users\Administrator\Desktop\traffic_accident_project\frames\meta0713\00000\pre_event\00000_pre_04.jpg|C:\Users\Administrator\Desktop\traffic_accident_project\frames\meta0713\00000\pre_event\00000_pre_05.jpg,74|86|97|108|120,"A pre-crash dashcam traffic scene on a urban road, under normal light and clear weather, showing a same-direction left-front collision conflict.",same-direction left-front collision conflict,Normal,Clear,Urban,7
00466.avi,C:\Users\Administrator\Desktop\traffic_accident_project\frames\meta0713\00466\pre_event\00466_pre_01.jpg|C:\Users\Administrator\Desktop\traffic_accident_project\frames\meta0713\00466\pre_event\00466_pre_02.jpg|C:\Users\Administrator\Desktop\traffic_accident_project\frames\meta0713\00466\pre_event\00466_pre_03.jpg|C:\Users\Administrator\Desktop\traffic_accident_project\frames\meta0713\00466\pre_event\00466_pre_04.jpg|C:\Users\Administrator\Desktop\traffic_accident_project\frames\meta0713\00466\pre_event\00466_pre_05.jpg,78|88|99|110|120,"A pre-crash dashcam traffic scene on a urban road, under normal light and clear weather, showing a opposite-direction right-side collision conflict.",opposite-direction right-side collision conflict,Normal,Clear,Urban,1
00283.avi,C:\Users\Administrator\Desktop\traffic_accident_project\frames\meta0713\00283\pre_event\00283_pre_01.jpg|C:\Users\Administrator\Desktop\traffic_accident_project\frames\meta0713\00283\pre_event\00283_pre_02.jpg|C:\Users\Administrator\Desktop\traffic_accident_project\frames\meta0713\00283\pre_event\00283_pre_03.jpg|C:\Users\Administrator\Desktop\traffic_accident_project\frames\meta0713\00283\pre_event\00283_pre_04.jpg|C:\Users\Administrator\Desktop\traffic_accident_project\frames\meta0713\00283\pre_event\00283_pre_05.jpg,86|94|103|112|120,"A pre-crash dashcam traffic scene on a highway road, under dark light and clear weather, showing a same-direction right-front collision conflict.",same-direction right-front collision conflict,Dark,Clear,Highway,5
00517.avi,C:\Users\Administrator\Desktop\traffic_accident_project\frames\meta0713\00517\pre_event\00517_pre_01.jpg|C:\Users\Administrator\Desktop\traffic_accident_project\frames\meta0713\00517\pre_event\00517_pre_02.jpg|C:\Users\Administrator\Desktop\traffic_accident_project\frames\meta0713\00517\pre_event\00517_pre_03.jpg|C:\Users\Administrator\Desktop\traffic_accident_project\frames\meta0713\00517\pre_event\00517_pre_04.jpg|C:\Users\Administrator\Desktop\traffic_accident_project\frames\meta0713\00517\pre_event\00517_pre_05.jpg,69|82|94|107|120,"A pre-crash dashcam traffic scene on a urban road, under normal light and cloudy weather, showing a opposite-direction left-side collision conflict.",opposite-direction left-side collision conflict,Normal,Cloudy,Urban,2
00740.avi,C:\Users\Administrator\Desktop\traffic_accident_project\frames\meta0713\00740\pre_event\00740_pre_01.jpg|C:\Users\Administrator\Desktop\traffic_accident_project\frames\meta0713\00740\pre_event\00740_pre_02.jpg|C:\Users\Administrator\Desktop\traffic_accident_project\frames\meta0713\00740\pre_event\00740_pre_03.jpg|C:\Users\Administrator\Desktop\traffic_accident_project\frames\meta0713\00740\pre_event\00740_pre_04.jpg|C:\Users\Administrator\Desktop\traffic_accident_project\frames\meta0713\00740\pre_event\00740_pre_05.jpg,39|59|80|100|120,"A pre-crash dashcam traffic scene on a sub-urban road, under normal light and clear weather, showing a opposite-direction right-side collision conflict.",opposite-direction right-side collision conflict,Normal,Clear,Sub-urban,1
00640.avi,C:\Users\Administrator\Desktop\traffic_accident_project\frames\meta0713\00640\pre_event\00640_pre_01.jpg|C:\Users\Administrator\Desktop\traffic_accident_project\frames\meta0713\00640\pre_event\00640_pre_02.jpg|C:\Users\Administrator\Desktop\traffic_accident_project\frames\meta0713\00640\pre_event\00640_pre_03.jpg|C:\Users\Administrator\Desktop\traffic_accident_project\frames\meta0713\00640\pre_event\00640_pre_04.jpg|C:\Users\Administrator\Desktop\traffic_accident_project\frames\meta0713\00640\pre_event\00640_pre_05.jpg,35|56|78|99|120,"A pre-crash dashcam traffic scene on a highway road, under normal light and clear weather, showing a same-direction right-front collision conflict.",same-direction right-front collision conflict,Normal,Clear,Highway,5
00911.avi,C:\Users\Administrator\Desktop\traffic_accident_project\frames\meta0713\00911\pre_event\00911_pre_01.jpg|C:\Users\Administrator\Desktop\traffic_accident_project\frames\meta0713\00911\pre_event\00911_pre_02.jpg|C:\Users\Administrator\Desktop\traffic_accident_project\frames\meta0713\00911\pre_event\00911_pre_03.jpg|C:\Users\Administrator\Desktop\traffic_accident_project\frames\meta0713\00911\pre_event\00911_pre_04.jpg|C:\Users\Administrator\Desktop\traffic_accident_project\frames\meta0713\00911\pre_event\00911_pre_05.jpg,92|99|106|113|120,"A pre-crash dashcam traffic scene on a other road, under normal light and clear weather, showing a same-direction right-rear collision conflict.",same-direction right-rear collision conflict,Normal,Clear,Other,4
00522.avi,C:\Users\Administrator\Desktop\traffic_accident_project\frames\meta0713\00522\pre_event\00522_pre_01.jpg|C:\Users\Administrator\Desktop\traffic_accident_project\frames\meta0713\00522\pre_event\00522_pre_02.jpg|C:\Users\Administrator\Desktop\traffic_accident_project\frames\meta0713\00522\pre_event\00522_pre_03.jpg|C:\Users\Administrator\Desktop\traffic_accident_project\frames\meta0713\00522\pre_event\00522_pre_04.jpg|C:\Users\Administrator\Desktop\traffic_accident_project\frames\meta0713\00522\pre_event\00522_pre_05.jpg,19|44|70|95|120,"A pre-crash dashcam traffic scene on a urban road, under normal light and clear weather, showing a same-direction right-rear collision conflict.",same-direction right-rear collision conflict,Normal,Clear,Urban,4
00747.avi,C:\Users\Administrator\Desktop\traffic_accident_project\frames\meta0713\00747\pre_event\00747_pre_01.jpg|C:\Users\Administrator\Desktop\traffic_accident_project\frames\meta0713\00747\pre_event\00747_pre_02.jpg|C:\Users\Administrator\Desktop\traffic_accident_project\frames\meta0713\00747\pre_event\00747_pre_03.jpg|C:\Users\Administrator\Desktop\traffic_accident_project\frames\meta0713\00747\pre_event\00747_pre_04.jpg|C:\Users\Administrator\Desktop\traffic_accident_project\frames\meta0713\00747\pre_event\00747_pre_05.jpg,64|78|92|106|120,"A pre-crash dashcam traffic scene on a highway road, under normal light and clear weather, showing a same-direction left-front collision conflict.",same-direction left-front collision conflict,Normal,Clear,Highway,7
00361.avi,C:\Users\Administrator\Desktop\traffic_accident_project\frames\meta0713\00361\pre_event\00361_pre_01.jpg|C:\Users\Administrator\Desktop\traffic_accident_project\frames\meta0713\00361\pre_event\00361_pre_02.jpg|C:\Users\Administrator\Desktop\traffic_accident_project\frames\meta0713\00361\pre_event\00361_pre_03.jpg|C:\Users\Administrator\Desktop\traffic_accident_project\frames\meta0713\00361\pre_event\00361_pre_04.jpg|C:\Users\Administrator\Desktop\traffic_accident_project\frames\meta0713\00361\pre_event\00361_pre_05.jpg,73|85|96|108|120,"A pre-crash dashcam traffic scene on a urban road, under normal light and cloudy weather, showing a same-direction center rear-end or forward collision conflict.",same-direction center rear-end or forward collision conflict,Normal,Cloudy,Urban,8
00966.avi,C:\Users\Administrator\Desktop\traffic_accident_project\frames\meta0713\00966\pre_event\00966_pre_01.jpg|C:\Users\Administrator\Desktop\traffic_accident_project\frames\meta0713\00966\pre_event\00966_pre_02.jpg|C:\Users\Administrator\Desktop\traffic_accident_project\frames\meta0713\00966\pre_event\00966_pre_03.jpg|C:\Users\Administrator\Desktop\traffic_accident_project\frames\meta0713\00966\pre_event\00966_pre_04.jpg|C:\Users\Administrator\Desktop\traffic_accident_project\frames\meta0713\00966\pre_event\00966_pre_05.jpg,14|40|67|94|120,"A pre-crash dashcam traffic scene on a highway road, under normal light and clear weather, showing a same-direction right-front collision conflict.",same-direction right-front collision conflict,Normal,Clear,Highway,5
00737.avi,C:\Users\Administrator\Desktop\traffic_accident_project\frames\meta0713\00737\pre_event\00737_pre_01.jpg|C:\Users\Administrator\Desktop\traffic_accident_project\frames\meta0713\00737\pre_event\00737_pre_02.jpg|C:\Users\Administrator\Desktop\traffic_accident_project\frames\meta0713\00737\pre_event\00737_pre_03.jpg|C:\Users\Administrator\Desktop\traffic_accident_project\frames\meta0713\00737\pre_event\00737_pre_04.jpg|C:\Users\Administrator\Desktop\traffic_accident_project\frames\meta0713\00737\pre_event\00737_pre_05.jpg,95|101|108|114|120,"A pre-crash dashcam traffic scene on a urban road, under normal light and clear weather, showing a opposite-direction right-side collision conflict.",opposite-direction right-side collision conflict,Normal,Clear,Urban,1
00228.avi,C:\Users\Administrator\Desktop\traffic_accident_project\frames\meta0713\00228\pre_event\00228_pre_01.jpg|C:\Users\Administrator\Desktop\traffic_accident_project\frames\meta0713\00228\pre_event\00228_pre_02.jpg|C:\Users\Administrator\Desktop\traffic_accident_project\frames\meta0713\00228\pre_event\00228_pre_03.jpg|C:\Users\Administrator\Desktop\traffic_accident_project\frames\meta0713\00228\pre_event\00228_pre_04.jpg|C:\Users\Administrator\Desktop\traffic_accident_project\frames\meta0713\00228\pre_event\00228_pre_05.jpg,87|95|104|112|120,"A pre-crash dashcam traffic scene on a urban road, under normal light and cloudy weather, showing a same-direction center rear-end or forward collision conflict.",same-direction center rear-end or forward collision conflict,Normal,Cloudy,Urban,8
00895.avi,C:\Users\Administrator\Desktop\traffic_accident_project\frames\meta0713\00895\pre_event\00895_pre_01.jpg|C:\Users\Administrator\Desktop\traffic_accident_project\frames\meta0713\00895\pre_event\00895_pre_02.jpg|C:\Users\Administrator\Desktop\traffic_accident_project\frames\meta0713\00895\pre_event\00895_pre_03.jpg|C:\Users\Administrator\Desktop\traffic_accident_project\frames\meta0713\00895\pre_event\00895_pre_04.jpg|C:\Users\Administrator\Desktop\traffic_accident_project\frames\meta0713\00895\pre_event\00895_pre_05.jpg,68|81|94|107|120,"A pre-crash dashcam traffic scene on a urban road, under normal light and clear weather, showing a opposite-direction frontal center collision conflict.",opposite-direction frontal center collision conflict,Normal,Clear,Urban,3
00774.avi,C:\Users\Administrator\Desktop\traffic_accident_project\frames\meta0713\00774\pre_event\00774_pre_01.jpg|C:\Users\Administrator\Desktop\traffic_accident_project\frames\meta0713\00774\pre_event\00774_pre_02.jpg|C:\Users\Administrator\Desktop\traffic_accident_project\frames\meta0713\00774\pre_event\00774_pre_03.jpg|C:\Users\Administrator\Desktop\traffic_accident_project\frames\meta0713\00774\pre_event\00774_pre_04.jpg|C:\Users\Administrator\Desktop\traffic_accident_project\frames\meta0713\00774\pre_event\00774_pre_05.jpg,90|98|105|112|120,"A pre-crash dashcam traffic scene on a sub-urban road, under normal light and clear weather, showing a opposite-direction frontal center collision conflict.",opposite-direction frontal center collision conflict,Normal,Clear,Sub-urban,3
00824.avi,C:\Users\Administrator\Desktop\traffic_accident_project\frames\meta0713\00824\pre_event\00824_pre_01.jpg|C:\Users\Administrator\Desktop\traffic_accident_project\frames\meta0713\00824\pre_event\00824_pre_02.jpg|C:\Users\Administrator\Desktop\traffic_accident_project\frames\meta0713\00824\pre_event\00824_pre_03.jpg|C:\Users\Administrator\Desktop\traffic_accident_project\frames\meta0713\00824\pre_event\00824_pre_04.jpg|C:\Users\Administrator\Desktop\traffic_accident_project\frames\meta0713\00824\pre_event\00824_pre_05.jpg,47|65|84|102|120,"A pre-crash dashcam traffic scene on a urban road, under normal light and clear weather, showing a same-direction center rear-end or forward collision conflict.",same-direction center rear-end or forward collision conflict,Normal,Clear,Urban,8
00345.avi,C:\Users\Administrator\Desktop\traffic_accident_project\frames\meta0713\00345\pre_event\00345_pre_01.jpg|C:\Users\Administrator\Desktop\traffic_accident_project\frames\meta0713\00345\pre_event\00345_pre_02.jpg|C:\Users\Administrator\Desktop\traffic_accident_project\frames\meta0713\00345\pre_event\00345_pre_03.jpg|C:\Users\Administrator\Desktop\traffic_accident_project\frames\meta0713\00345\pre_event\00345_pre_04.jpg|C:\Users\Administrator\Desktop\traffic_accident_project\frames\meta0713\00345\pre_event\00345_pre_05.jpg,73|85|96|108|120,"A pre-crash dashcam traffic scene on a sub-urban road, under normal light and clear weather, showing a opposite-direction right-side collision conflict.",opposite-direction right-side collision conflict,Normal,Clear,Sub-urban,1
00818.avi,C:\Users\Administrator\Desktop\traffic_accident_project\frames\meta0713\00818\pre_event\00818_pre_01.jpg|C:\Users\Administrator\Desktop\traffic_accident_project\frames\meta0713\00818\pre_event\00818_pre_02.jpg|C:\Users\Administrator\Desktop\traffic_accident_project\frames\meta0713\00818\pre_event\00818_pre_03.jpg|C:\Users\Administrator\Desktop\traffic_accident_project\frames\meta0713\00818\pre_event\00818_pre_04.jpg|C:\Users\Administrator\Desktop\traffic_accident_project\frames\meta0713\00818\pre_event\00818_pre_05.jpg,83|92|102|111|120,"A pre-crash dashcam traffic scene on a urban road, under normal light and clear weather, showing a same-direction left-rear collision conflict.",same-direction left-rear collision conflict,Normal,Clear,Urban,6
00788.avi,C:\Users\Administrator\Desktop\traffic_accident_project\frames\meta0713\00788\pre_event\00788_pre_01.jpg|C:\Users\Administrator\Desktop\traffic_accident_project\frames\meta0713\00788\pre_event\00788_pre_02.jpg|C:\Users\Administrator\Desktop\traffic_accident_project\frames\meta0713\00788\pre_event\00788_pre_03.jpg|C:\Users\Administrator\Desktop\traffic_accident_project\frames\meta0713\00788\pre_event\00788_pre_04.jpg|C:\Users\Administrator\Desktop\traffic_accident_project\frames\meta0713\00788\pre_event\00788_pre_05.jpg,85|94|102|111|120,"A pre-crash dashcam traffic scene on a sub-urban road, under normal light and clear weather, showing a opposite-direction left-side collision conflict.",opposite-direction left-side collision conflict,Normal,Clear,Sub-urban,2
00556.avi,C:\Users\Administrator\Desktop\traffic_accident_project\frames\meta0713\00556\pre_event\00556_pre_01.jpg|C:\Users\Administrator\Desktop\traffic_accident_project\frames\meta0713\00556\pre_event\00556_pre_02.jpg|C:\Users\Administrator\Desktop\traffic_accident_project\frames\meta0713\00556\pre_event\00556_pre_03.jpg|C:\Users\Administrator\Desktop\traffic_accident_project\frames\meta0713\00556\pre_event\00556_pre_04.jpg|C:\Users\Administrator\Desktop\traffic_accident_project\frames\meta0713\00556\pre_event\00556_pre_05.jpg,64|78|92|106|120,"A pre-crash dashcam traffic scene on a sub-urban road, under normal light and clear weather, showing a opposite-direction right-side collision conflict.",opposite-direction right-side collision conflict,Normal,Clear,Sub-urban,1
00915.avi,C:\Users\Administrator\Desktop\traffic_accident_project\frames\meta0713\00915\pre_event\00915_pre_01.jpg|C:\Users\Administrator\Desktop\traffic_accident_project\frames\meta0713\00915\pre_event\00915_pre_02.jpg|C:\Users\Administrator\Desktop\traffic_accident_project\frames\meta0713\00915\pre_event\00915_pre_03.jpg|C:\Users\Administrator\Desktop\traffic_accident_project\frames\meta0713\00915\pre_event\00915_pre_04.jpg|C:\Users\Administrator\Desktop\traffic_accident_project\frames\meta0713\00915\pre_event\00915_pre_05.jpg,63|77|92|106|120,"A pre-crash dashcam traffic scene on a highway road, under normal light and clear weather, showing a same-direction center rear-end or forward collision conflict.",same-direction center rear-end or forward collision conflict,Normal,Clear,Highway,8
00392.avi,C:\Users\Administrator\Desktop\traffic_accident_project\frames\meta0713\00392\pre_event\00392_pre_01.jpg|C:\Users\Administrator\Desktop\traffic_accident_project\frames\meta0713\00392\pre_event\00392_pre_02.jpg|C:\Users\Administrator\Desktop\traffic_accident_project\frames\meta0713\00392\pre_event\00392_pre_03.jpg|C:\Users\Administrator\Desktop\traffic_accident_project\frames\meta0713\00392\pre_event\00392_pre_04.jpg|C:\Users\Administrator\Desktop\traffic_accident_project\frames\meta0713\00392\pre_event\00392_pre_05.jpg,63|77|92|106|120,"A pre-crash dashcam traffic scene on a urban road, under normal light and clear weather, showing a opposite-direction left-side collision conflict.",opposite-direction left-side collision conflict,Normal,Clear,Urban,2
00846.avi,C:\Users\Administrator\Desktop\traffic_accident_project\frames\meta0713\00846\pre_event\00846_pre_01.jpg|C:\Users\Administrator\Desktop\traffic_accident_project\frames\meta0713\00846\pre_event\00846_pre_02.jpg|C:\Users\Administrator\Desktop\traffic_accident_project\frames\meta0713\00846\pre_event\00846_pre_03.jpg|C:\Users\Administrator\Desktop\traffic_accident_project\frames\meta0713\00846\pre_event\00846_pre_04.jpg|C:\Users\Administrator\Desktop\traffic_accident_project\frames\meta0713\00846\pre_event\00846_pre_05.jpg,50|68|85|102|120,"A pre-crash dashcam traffic scene on a highway road, under normal light and clear weather, showing a same-direction right-front collision conflict.",same-direction right-front collision conflict,Normal,Clear,Highway,5
00527.avi,C:\Users\Administrator\Desktop\traffic_accident_project\frames\meta0713\00527\pre_event\00527_pre_01.jpg|C:\Users\Administrator\Desktop\traffic_accident_project\frames\meta0713\00527\pre_event\00527_pre_02.jpg|C:\Users\Administrator\Desktop\traffic_accident_project\frames\meta0713\00527\pre_event\00527_pre_03.jpg|C:\Users\Administrator\Desktop\traffic_accident_project\frames\meta0713\00527\pre_event\00527_pre_04.jpg|C:\Users\Administrator\Desktop\traffic_accident_project\frames\meta0713\00527\pre_event\00527_pre_05.jpg,36|57|78|99|120,"A pre-crash dashcam traffic scene on a highway road, under normal light and clear weather, showing a same-direction center rear-end or forward collision conflict.",same-direction center rear-end or forward collision conflict,Normal,Clear,Highway,8
00130.avi,C:\Users\Administrator\Desktop\traffic_accident_project\frames\meta0713\00130\pre_event\00130_pre_01.jpg|C:\Users\Administrator\Desktop\traffic_accident_project\frames\meta0713\00130\pre_event\00130_pre_02.jpg|C:\Users\Administrator\Desktop\traffic_accident_project\frames\meta0713\00130\pre_event\00130_pre_03.jpg|C:\Users\Administrator\Desktop\traffic_accident_project\frames\meta0713\00130\pre_event\00130_pre_04.jpg|C:\Users\Administrator\Desktop\traffic_accident_project\frames\meta0713\00130\pre_event\00130_pre_05.jpg,72|84|96|108|120,"A pre-crash dashcam traffic scene on a urban road, under normal light and clear weather, showing a same-direction center rear-end or forward collision conflict.",same-direction center rear-end or forward collision conflict,Normal,Clear,Urban,8
00957.avi,C:\Users\Administrator\Desktop\traffic_accident_project\frames\meta0713\00957\pre_event\00957_pre_01.jpg|C:\Users\Administrator\Desktop\traffic_accident_project\frames\meta0713\00957\pre_event\00957_pre_02.jpg|C:\Users\Administrator\Desktop\traffic_accident_project\frames\meta0713\00957\pre_event\00957_pre_03.jpg|C:\Users\Administrator\Desktop\traffic_accident_project\frames\meta0713\00957\pre_event\00957_pre_04.jpg|C:\Users\Administrator\Desktop\traffic_accident_project\frames\meta0713\00957\pre_event\00957_pre_05.jpg,89|97|104|112|120,"A pre-crash dashcam traffic scene on a urban road, under bright light and clear weather, showing a same-direction right-front collision conflict.",same-direction right-front collision conflict,Bright,Clear,Urban,5
00836.avi,C:\Users\Administrator\Desktop\traffic_accident_project\frames\meta0713\00836\pre_event\00836_pre_01.jpg|C:\Users\Administrator\Desktop\traffic_accident_project\frames\meta0713\00836\pre_event\00836_pre_02.jpg|C:\Users\Administrator\Desktop\traffic_accident_project\frames\meta0713\00836\pre_event\00836_pre_03.jpg|C:\Users\Administrator\Desktop\traffic_accident_project\frames\meta0713\00836\pre_event\00836_pre_04.jpg|C:\Users\Administrator\Desktop\traffic_accident_project\frames\meta0713\00836\pre_event\00836_pre_05.jpg,72|84|96|108|120,"A pre-crash dashcam traffic scene on a urban road, under normal light and cloudy weather, showing a same-direction right-front collision conflict.",same-direction right-front collision conflict,Normal,Cloudy,Urban,5
00805.avi,C:\Users\Administrator\Desktop\traffic_accident_project\frames\meta0713\00805\pre_event\00805_pre_01.jpg|C:\Users\Administrator\Desktop\traffic_accident_project\frames\meta0713\00805\pre_event\00805_pre_02.jpg|C:\Users\Administrator\Desktop\traffic_accident_project\frames\meta0713\00805\pre_event\00805_pre_03.jpg|C:\Users\Administrator\Desktop\traffic_accident_project\frames\meta0713\00805\pre_event\00805_pre_04.jpg|C:\Users\Administrator\Desktop\traffic_accident_project\frames\meta0713\00805\pre_event\00805_pre_05.jpg,70|82|95|108|120,"A pre-crash dashcam traffic scene on a sub-urban road, under normal light and clear weather, showing a same-direction right-front collision conflict.",same-direction right-front collision conflict,Normal,Clear,Sub-urban,5
00453.avi,C:\Users\Administrator\Desktop\traffic_accident_project\frames\meta0713\00453\pre_event\00453_pre_01.jpg|C:\Users\Administrator\Desktop\traffic_accident_project\frames\meta0713\00453\pre_event\00453_pre_02.jpg|C:\Users\Administrator\Desktop\traffic_accident_project\frames\meta0713\00453\pre_event\00453_pre_03.jpg|C:\Users\Administrator\Desktop\traffic_accident_project\frames\meta0713\00453\pre_event\00453_pre_04.jpg|C:\Users\Administrator\Desktop\traffic_accident_project\frames\meta0713\00453\pre_event\00453_pre_05.jpg,67|80|94|107|120,"A pre-crash dashcam traffic scene on a highway road, under normal light and cloudy weather, showing a same-direction center rear-end or forward collision conflict.",same-direction center rear-end or forward collision conflict,Normal,Cloudy,Highway,8
00926.avi,C:\Users\Administrator\Desktop\traffic_accident_project\frames\meta0713\00926\pre_event\00926_pre_01.jpg|C:\Users\Administrator\Desktop\traffic_accident_project\frames\meta0713\00926\pre_event\00926_pre_02.jpg|C:\Users\Administrator\Desktop\traffic_accident_project\frames\meta0713\00926\pre_event\00926_pre_03.jpg|C:\Users\Administrator\Desktop\traffic_accident_project\frames\meta0713\00926\pre_event\00926_pre_04.jpg|C:\Users\Administrator\Desktop\traffic_accident_project\frames\meta0713\00926\pre_event\00926_pre_05.jpg,78|88|99|110|120,"A pre-crash dashcam traffic scene on a urban road, under normal light and rain weather, showing a same-direction left-front collision conflict.",same-direction left-front collision conflict,Normal,Rain,Urban,7
00125.avi,C:\Users\Administrator\Desktop\traffic_accident_project\frames\meta0713\00125\pre_event\00125_pre_01.jpg|C:\Users\Administrator\Desktop\traffic_accident_project\frames\meta0713\00125\pre_event\00125_pre_02.jpg|C:\Users\Administrator\Desktop\traffic_accident_project\frames\meta0713\00125\pre_event\00125_pre_03.jpg|C:\Users\Administrator\Desktop\traffic_accident_project\frames\meta0713\00125\pre_event\00125_pre_04.jpg|C:\Users\Administrator\Desktop\traffic_accident_project\frames\meta0713\00125\pre_event\00125_pre_05.jpg,97|103|108|114|120,"A pre-crash dashcam traffic scene on a urban road, under normal light and cloudy weather, showing a opposite-direction right-side collision conflict.",opposite-direction right-side collision conflict,Normal,Cloudy,Urban,1
00097.avi,C:\Users\Administrator\Desktop\traffic_accident_project\frames\meta0713\00097\pre_event\00097_pre_01.jpg|C:\Users\Administrator\Desktop\traffic_accident_project\frames\meta0713\00097\pre_event\00097_pre_02.jpg|C:\Users\Administrator\Desktop\traffic_accident_project\frames\meta0713\00097\pre_event\00097_pre_03.jpg|C:\Users\Administrator\Desktop\traffic_accident_project\frames\meta0713\00097\pre_event\00097_pre_04.jpg|C:\Users\Administrator\Desktop\traffic_accident_project\frames\meta0713\00097\pre_event\00097_pre_05.jpg,116|117|118|119|120,"A pre-crash dashcam traffic scene on a urban road, under normal light and clear weather, showing a opposite-direction right-side collision conflict.",opposite-direction right-side collision conflict,Normal,Clear,Urban,1
00398.avi,C:\Users\Administrator\Desktop\traffic_accident_project\frames\meta0713\00398\pre_event\00398_pre_01.jpg|C:\Users\Administrator\Desktop\traffic_accident_project\frames\meta0713\00398\pre_event\00398_pre_02.jpg|C:\Users\Administrator\Desktop\traffic_accident_project\frames\meta0713\00398\pre_event\00398_pre_03.jpg|C:\Users\Administrator\Desktop\traffic_accident_project\frames\meta0713\00398\pre_event\00398_pre_04.jpg|C:\Users\Administrator\Desktop\traffic_accident_project\frames\meta0713\00398\pre_event\00398_pre_05.jpg,60|75|90|105|120,"A pre-crash dashcam traffic scene on a urban road, under normal light and rain weather, showing a same-direction right-front collision conflict.",same-direction right-front collision conflict,Normal,Rain,Urban,5
00655.avi,C:\Users\Administrator\Desktop\traffic_accident_project\frames\meta0713\00655\pre_event\00655_pre_01.jpg|C:\Users\Administrator\Desktop\traffic_accident_project\frames\meta0713\00655\pre_event\00655_pre_02.jpg|C:\Users\Administrator\Desktop\traffic_accident_project\frames\meta0713\00655\pre_event\00655_pre_03.jpg|C:\Users\Administrator\Desktop\traffic_accident_project\frames\meta0713\00655\pre_event\00655_pre_04.jpg|C:\Users\Administrator\Desktop\traffic_accident_project\frames\meta0713\00655\pre_event\00655_pre_05.jpg,85|94|102|111|120,"A pre-crash dashcam traffic scene on a urban road, under normal light and clear weather, showing a opposite-direction left-side collision conflict.",opposite-direction left-side collision conflict,Normal,Clear,Urban,2
00990.avi,C:\Users\Administrator\Desktop\traffic_accident_project\frames\meta0713\00990\pre_event\00990_pre_01.jpg|C:\Users\Administrator\Desktop\traffic_accident_project\frames\meta0713\00990\pre_event\00990_pre_02.jpg|C:\Users\Administrator\Desktop\traffic_accident_project\frames\meta0713\00990\pre_event\00990_pre_03.jpg|C:\Users\Administrator\Desktop\traffic_accident_project\frames\meta0713\00990\pre_event\00990_pre_04.jpg|C:\Users\Administrator\Desktop\traffic_accident_project\frames\meta0713\00990\pre_event\00990_pre_05.jpg,95|101|108|114|120,"A pre-crash dashcam traffic scene on a highway road, under normal light and clear weather, showing a same-direction right-front collision conflict.",same-direction right-front collision conflict,Normal,Clear,Highway,5
00917.avi,C:\Users\Administrator\Desktop\traffic_accident_project\frames\meta0713\00917\pre_event\00917_pre_01.jpg|C:\Users\Administrator\Desktop\traffic_accident_project\frames\meta0713\00917\pre_event\00917_pre_02.jpg|C:\Users\Administrator\Desktop\traffic_accident_project\frames\meta0713\00917\pre_event\00917_pre_03.jpg|C:\Users\Administrator\Desktop\traffic_accident_project\frames\meta0713\00917\pre_event\00917_pre_04.jpg|C:\Users\Administrator\Desktop\traffic_accident_project\frames\meta0713\00917\pre_event\00917_pre_05.jpg,13|40|66|93|120,"A pre-crash dashcam traffic scene on a highway road, under normal light and clear weather, showing a same-direction center rear-end or forward collision conflict.",same-direction center rear-end or forward collision conflict,Normal,Clear,Highway,8
00739.avi,C:\Users\Administrator\Desktop\traffic_accident_project\frames\meta0713\00739\pre_event\00739_pre_01.jpg|C:\Users\Administrator\Desktop\traffic_accident_project\frames\meta0713\00739\pre_event\00739_pre_02.jpg|C:\Users\Administrator\Desktop\traffic_accident_project\frames\meta0713\00739\pre_event\00739_pre_03.jpg|C:\Users\Administrator\Desktop\traffic_accident_project\frames\meta0713\00739\pre_event\00739_pre_04.jpg|C:\Users\Administrator\Desktop\traffic_accident_project\frames\meta0713\00739\pre_event\00739_pre_05.jpg,44|63|82|101|120,"A pre-crash dashcam traffic scene on a highway road, under normal light and clear weather, showing a same-direction right-front collision conflict.",same-direction right-front collision conflict,Normal,Clear,Highway,5
00865.avi,C:\Users\Administrator\Desktop\traffic_accident_project\frames\meta0713\00865\pre_event\00865_pre_01.jpg|C:\Users\Administrator\Desktop\traffic_accident_project\frames\meta0713\00865\pre_event\00865_pre_02.jpg|C:\Users\Administrator\Desktop\traffic_accident_project\frames\meta0713\00865\pre_event\00865_pre_03.jpg|C:\Users\Administrator\Desktop\traffic_accident_project\frames\meta0713\00865\pre_event\00865_pre_04.jpg|C:\Users\Administrator\Desktop\traffic_accident_project\frames\meta0713\00865\pre_event\00865_pre_05.jpg,105|109|112|116|120,"A pre-crash dashcam traffic scene on a urban road, under normal light and clear weather, showing a same-direction center rear-end or forward collision conflict.",same-direction center rear-end or forward collision conflict,Normal,Clear,Urban,8
00427.avi,C:\Users\Administrator\Desktop\traffic_accident_project\frames\meta0713\00427\pre_event\00427_pre_01.jpg|C:\Users\Administrator\Desktop\traffic_accident_project\frames\meta0713\00427\pre_event\00427_pre_02.jpg|C:\Users\Administrator\Desktop\traffic_accident_project\frames\meta0713\00427\pre_event\00427_pre_03.jpg|C:\Users\Administrator\Desktop\traffic_accident_project\frames\meta0713\00427\pre_event\00427_pre_04.jpg|C:\Users\Administrator\Desktop\traffic_accident_project\frames\meta0713\00427\pre_event\00427_pre_05.jpg,80|90|100|110|120,"A pre-crash dashcam traffic scene on a urban road, under normal light and clear weather, showing a opposite-direction left-side collision conflict.",opposite-direction left-side collision conflict,Normal,Clear,Urban,2
00830.avi,C:\Users\Administrator\Desktop\traffic_accident_project\frames\meta0713\00830\pre_event\00830_pre_01.jpg|C:\Users\Administrator\Desktop\traffic_accident_project\frames\meta0713\00830\pre_event\00830_pre_02.jpg|C:\Users\Administrator\Desktop\traffic_accident_project\frames\meta0713\00830\pre_event\00830_pre_03.jpg|C:\Users\Administrator\Desktop\traffic_accident_project\frames\meta0713\00830\pre_event\00830_pre_04.jpg|C:\Users\Administrator\Desktop\traffic_accident_project\frames\meta0713\00830\pre_event\00830_pre_05.jpg,103|107|112|116|120,"A pre-crash dashcam traffic scene on a urban road, under normal light and cloudy weather, showing a same-direction right-rear collision conflict.",same-direction right-rear collision conflict,Normal,Cloudy,Urban,4
00832.avi,C:\Users\Administrator\Desktop\traffic_accident_project\frames\meta0713\00832\pre_event\00832_pre_01.jpg|C:\Users\Administrator\Desktop\traffic_accident_project\frames\meta0713\00832\pre_event\00832_pre_02.jpg|C:\Users\Administrator\Desktop\traffic_accident_project\frames\meta0713\00832\pre_event\00832_pre_03.jpg|C:\Users\Administrator\Desktop\traffic_accident_project\frames\meta0713\00832\pre_event\00832_pre_04.jpg|C:\Users\Administrator\Desktop\traffic_accident_project\frames\meta0713\00832\pre_event\00832_pre_05.jpg,90|98|105|112|120,"A pre-crash dashcam traffic scene on a highway road, under normal light and clear weather, showing a same-direction right-front collision conflict.",same-direction right-front collision conflict,Normal,Clear,Highway,5
00863.avi,C:\Users\Administrator\Desktop\traffic_accident_project\frames\meta0713\00863\pre_event\00863_pre_01.jpg|C:\Users\Administrator\Desktop\traffic_accident_project\frames\meta0713\00863\pre_event\00863_pre_02.jpg|C:\Users\Administrator\Desktop\traffic_accident_project\frames\meta0713\00863\pre_event\00863_pre_03.jpg|C:\Users\Administrator\Desktop\traffic_accident_project\frames\meta0713\00863\pre_event\00863_pre_04.jpg|C:\Users\Administrator\Desktop\traffic_accident_project\frames\meta0713\00863\pre_event\00863_pre_05.jpg,53|70|86|103|120,"A pre-crash dashcam traffic scene on a urban road, under normal light and cloudy weather, showing a same-direction left-front collision conflict.",same-direction left-front collision conflict,Normal,Cloudy,Urban,7
00491.avi,C:\Users\Administrator\Desktop\traffic_accident_project\frames\meta0713\00491\pre_event\00491_pre_01.jpg|C:\Users\Administrator\Desktop\traffic_accident_project\frames\meta0713\00491\pre_event\00491_pre_02.jpg|C:\Users\Administrator\Desktop\traffic_accident_project\frames\meta0713\00491\pre_event\00491_pre_03.jpg|C:\Users\Administrator\Desktop\traffic_accident_project\frames\meta0713\00491\pre_event\00491_pre_04.jpg|C:\Users\Administrator\Desktop\traffic_accident_project\frames\meta0713\00491\pre_event\00491_pre_05.jpg,83|92|102|111|120,"A pre-crash dashcam traffic scene on a urban road, under normal light and cloudy weather, showing a same-direction center rear-end or forward collision conflict.",same-direction center rear-end or forward collision conflict,Normal,Cloudy,Urban,8
00024.avi,C:\Users\Administrator\Desktop\traffic_accident_project\frames\meta0713\00024\pre_event\00024_pre_01.jpg|C:\Users\Administrator\Desktop\traffic_accident_project\frames\meta0713\00024\pre_event\00024_pre_02.jpg|C:\Users\Administrator\Desktop\traffic_accident_project\frames\meta0713\00024\pre_event\00024_pre_03.jpg|C:\Users\Administrator\Desktop\traffic_accident_project\frames\meta0713\00024\pre_event\00024_pre_04.jpg|C:\Users\Administrator\Desktop\traffic_accident_project\frames\meta0713\00024\pre_event\00024_pre_05.jpg,92|99|106|113|120,"A pre-crash dashcam traffic scene on a urban road, under normal light and clear weather, showing a same-direction left-front collision conflict.",same-direction left-front collision conflict,Normal,Clear,Urban,7
00363.avi,C:\Users\Administrator\Desktop\traffic_accident_project\frames\meta0713\00363\pre_event\00363_pre_01.jpg|C:\Users\Administrator\Desktop\traffic_accident_project\frames\meta0713\00363\pre_event\00363_pre_02.jpg|C:\Users\Administrator\Desktop\traffic_accident_project\frames\meta0713\00363\pre_event\00363_pre_03.jpg|C:\Users\Administrator\Desktop\traffic_accident_project\frames\meta0713\00363\pre_event\00363_pre_04.jpg|C:\Users\Administrator\Desktop\traffic_accident_project\frames\meta0713\00363\pre_event\00363_pre_05.jpg,75|86|98|109|120,"A pre-crash dashcam traffic scene on a urban road, under normal light and cloudy weather, showing a same-direction center rear-end or forward collision conflict.",same-direction center rear-end or forward collision conflict,Normal,Cloudy,Urban,8
00581.avi,C:\Users\Administrator\Desktop\traffic_accident_project\frames\meta0713\00581\pre_event\00581_pre_01.jpg|C:\Users\Administrator\Desktop\traffic_accident_project\frames\meta0713\00581\pre_event\00581_pre_02.jpg|C:\Users\Administrator\Desktop\traffic_accident_project\frames\meta0713\00581\pre_event\00581_pre_03.jpg|C:\Users\Administrator\Desktop\traffic_accident_project\frames\meta0713\00581\pre_event\00581_pre_04.jpg|C:\Users\Administrator\Desktop\traffic_accident_project\frames\meta0713\00581\pre_event\00581_pre_05.jpg,66|80|93|106|120,"A pre-crash dashcam traffic scene on a urban road, under normal light and clear weather, showing a same-direction left-front collision conflict.",same-direction left-front collision conflict,Normal,Clear,Urban,7
00627.avi,C:\Users\Administrator\Desktop\traffic_accident_project\frames\meta0713\00627\pre_event\00627_pre_01.jpg|C:\Users\Administrator\Desktop\traffic_accident_project\frames\meta0713\00627\pre_event\00627_pre_02.jpg|C:\Users\Administrator\Desktop\traffic_accident_project\frames\meta0713\00627\pre_event\00627_pre_03.jpg|C:\Users\Administrator\Desktop\traffic_accident_project\frames\meta0713\00627\pre_event\00627_pre_04.jpg|C:\Users\Administrator\Desktop\traffic_accident_project\frames\meta0713\00627\pre_event\00627_pre_05.jpg,80|90|100|110|120,"A pre-crash dashcam traffic scene on a urban road, under normal light and clear weather, showing a same-direction right-front collision conflict.",same-direction right-front collision conflict,Normal,Clear,Urban,5
00741.avi,C:\Users\Administrator\Desktop\traffic_accident_project\frames\meta0713\00741\pre_event\00741_pre_01.jpg|C:\Users\Administrator\Desktop\traffic_accident_project\frames\meta0713\00741\pre_event\00741_pre_02.jpg|C:\Users\Administrator\Desktop\traffic_accident_project\frames\meta0713\00741\pre_event\00741_pre_03.jpg|C:\Users\Administrator\Desktop\traffic_accident_project\frames\meta0713\00741\pre_event\00741_pre_04.jpg|C:\Users\Administrator\Desktop\traffic_accident_project\frames\meta0713\00741\pre_event\00741_pre_05.jpg,90|98|105|112|120,"A pre-crash dashcam traffic scene on a sub-urban road, under normal light and cloudy weather, showing a same-direction left-front collision conflict.",same-direction left-front collision conflict,Normal,Cloudy,Sub-urban,7
00495.avi,C:\Users\Administrator\Desktop\traffic_accident_project\frames\meta0713\00495\pre_event\00495_pre_01.jpg|C:\Users\Administrator\Desktop\traffic_accident_project\frames\meta0713\00495\pre_event\00495_pre_02.jpg|C:\Users\Administrator\Desktop\traffic_accident_project\frames\meta0713\00495\pre_event\00495_pre_03.jpg|C:\Users\Administrator\Desktop\traffic_accident_project\frames\meta0713\00495\pre_event\00495_pre_04.jpg|C:\Users\Administrator\Desktop\traffic_accident_project\frames\meta0713\00495\pre_event\00495_pre_05.jpg,54|70|87|104|120,"A pre-crash dashcam traffic scene on a urban road, under normal light and clear weather, showing a same-direction center rear-end or forward collision conflict.",same-direction center rear-end or forward collision conflict,Normal,Clear,Urban,8
00458.avi,C:\Users\Administrator\Desktop\traffic_accident_project\frames\meta0713\00458\pre_event\00458_pre_01.jpg|C:\Users\Administrator\Desktop\traffic_accident_project\frames\meta0713\00458\pre_event\00458_pre_02.jpg|C:\Users\Administrator\Desktop\traffic_accident_project\frames\meta0713\00458\pre_event\00458_pre_03.jpg|C:\Users\Administrator\Desktop\traffic_accident_project\frames\meta0713\00458\pre_event\00458_pre_04.jpg|C:\Users\Administrator\Desktop\traffic_accident_project\frames\meta0713\00458\pre_event\00458_pre_05.jpg,64|78|92|106|120,"A pre-crash dashcam traffic scene on a urban road, under normal light and clear weather, showing a same-direction center rear-end or forward collision conflict.",same-direction center rear-end or forward collision conflict,Normal,Clear,Urban,8
00859.avi,C:\Users\Administrator\Desktop\traffic_accident_project\frames\meta0713\00859\pre_event\00859_pre_01.jpg|C:\Users\Administrator\Desktop\traffic_accident_project\frames\meta0713\00859\pre_event\00859_pre_02.jpg|C:\Users\Administrator\Desktop\traffic_accident_project\frames\meta0713\00859\pre_event\00859_pre_03.jpg|C:\Users\Administrator\Desktop\traffic_accident_project\frames\meta0713\00859\pre_event\00859_pre_04.jpg|C:\Users\Administrator\Desktop\traffic_accident_project\frames\meta0713\00859\pre_event\00859_pre_05.jpg,75|86|98|109|120,"A pre-crash dashcam traffic scene on a urban road, under normal light and clear weather, showing a same-direction right-front collision conflict.",same-direction right-front collision conflict,Normal,Clear,Urban,5
00089.avi,C:\Users\Administrator\Desktop\traffic_accident_project\frames\meta0713\00089\pre_event\00089_pre_01.jpg|C:\Users\Administrator\Desktop\traffic_accident_project\frames\meta0713\00089\pre_event\00089_pre_02.jpg|C:\Users\Administrator\Desktop\traffic_accident_project\frames\meta0713\00089\pre_event\00089_pre_03.jpg|C:\Users\Administrator\Desktop\traffic_accident_project\frames\meta0713\00089\pre_event\00089_pre_04.jpg|C:\Users\Administrator\Desktop\traffic_accident_project\frames\meta0713\00089\pre_event\00089_pre_05.jpg,89|97|104|112|120,"A pre-crash dashcam traffic scene on a urban road, under normal light and cloudy weather, showing a opposite-direction right-side collision conflict.",opposite-direction right-side collision conflict,Normal,Cloudy,Urban,1
00972.avi,C:\Users\Administrator\Desktop\traffic_accident_project\frames\meta0713\00972\pre_event\00972_pre_01.jpg|C:\Users\Administrator\Desktop\traffic_accident_project\frames\meta0713\00972\pre_event\00972_pre_02.jpg|C:\Users\Administrator\Desktop\traffic_accident_project\frames\meta0713\00972\pre_event\00972_pre_03.jpg|C:\Users\Administrator\Desktop\traffic_accident_project\frames\meta0713\00972\pre_event\00972_pre_04.jpg|C:\Users\Administrator\Desktop\traffic_accident_project\frames\meta0713\00972\pre_event\00972_pre_05.jpg,89|97|104|112|120,"A pre-crash dashcam traffic scene on a highway road, under normal light and clear weather, showing a same-direction right-rear collision conflict.",same-direction right-rear collision conflict,Normal,Clear,Highway,4
00700.avi,C:\Users\Administrator\Desktop\traffic_accident_project\frames\meta0713\00700\pre_event\00700_pre_01.jpg|C:\Users\Administrator\Desktop\traffic_accident_project\frames\meta0713\00700\pre_event\00700_pre_02.jpg|C:\Users\Administrator\Desktop\traffic_accident_project\frames\meta0713\00700\pre_event\00700_pre_03.jpg|C:\Users\Administrator\Desktop\traffic_accident_project\frames\meta0713\00700\pre_event\00700_pre_04.jpg|C:\Users\Administrator\Desktop\traffic_accident_project\frames\meta0713\00700\pre_event\00700_pre_05.jpg,70|82|95|108|120,"A pre-crash dashcam traffic scene on a urban road, under twilight light and cloudy weather, showing a same-direction left-front collision conflict.",same-direction left-front collision conflict,Twilight,Cloudy,Urban,7
00624.avi,C:\Users\Administrator\Desktop\traffic_accident_project\frames\meta0713\00624\pre_event\00624_pre_01.jpg|C:\Users\Administrator\Desktop\traffic_accident_project\frames\meta0713\00624\pre_event\00624_pre_02.jpg|C:\Users\Administrator\Desktop\traffic_accident_project\frames\meta0713\00624\pre_event\00624_pre_03.jpg|C:\Users\Administrator\Desktop\traffic_accident_project\frames\meta0713\00624\pre_event\00624_pre_04.jpg|C:\Users\Administrator\Desktop\traffic_accident_project\frames\meta0713\00624\pre_event\00624_pre_05.jpg,96|102|108|114|120,"A pre-crash dashcam traffic scene on a urban road, under normal light and cloudy weather, showing a opposite-direction right-side collision conflict.",opposite-direction right-side collision conflict,Normal,Cloudy,Urban,1
00923.avi,C:\Users\Administrator\Desktop\traffic_accident_project\frames\meta0713\00923\pre_event\00923_pre_01.jpg|C:\Users\Administrator\Desktop\traffic_accident_project\frames\meta0713\00923\pre_event\00923_pre_02.jpg|C:\Users\Administrator\Desktop\traffic_accident_project\frames\meta0713\00923\pre_event\00923_pre_03.jpg|C:\Users\Administrator\Desktop\traffic_accident_project\frames\meta0713\00923\pre_event\00923_pre_04.jpg|C:\Users\Administrator\Desktop\traffic_accident_project\frames\meta0713\00923\pre_event\00923_pre_05.jpg,55|71|88|104|120,"A pre-crash dashcam traffic scene on a urban road, under normal light and clear weather, showing a opposite-direction left-side collision conflict.",opposite-direction left-side collision conflict,Normal,Clear,Urban,2
01012.avi,C:\Users\Administrator\Desktop\traffic_accident_project\frames\meta0713\01012\pre_event\01012_pre_01.jpg|C:\Users\Administrator\Desktop\traffic_accident_project\frames\meta0713\01012\pre_event\01012_pre_02.jpg|C:\Users\Administrator\Desktop\traffic_accident_project\frames\meta0713\01012\pre_event\01012_pre_03.jpg|C:\Users\Administrator\Desktop\traffic_accident_project\frames\meta0713\01012\pre_event\01012_pre_04.jpg|C:\Users\Administrator\Desktop\traffic_accident_project\frames\meta0713\01012\pre_event\01012_pre_05.jpg,15|41|68|94|120,"A pre-crash dashcam traffic scene on a sub-urban road, under normal light and clear weather, showing a same-direction left-front collision conflict.",same-direction left-front collision conflict,Normal,Clear,Sub-urban,7
00153.avi,C:\Users\Administrator\Desktop\traffic_accident_project\frames\meta0713\00153\pre_event\00153_pre_01.jpg|C:\Users\Administrator\Desktop\traffic_accident_project\frames\meta0713\00153\pre_event\00153_pre_02.jpg|C:\Users\Administrator\Desktop\traffic_accident_project\frames\meta0713\00153\pre_event\00153_pre_03.jpg|C:\Users\Administrator\Desktop\traffic_accident_project\frames\meta0713\00153\pre_event\00153_pre_04.jpg|C:\Users\Administrator\Desktop\traffic_accident_project\frames\meta0713\00153\pre_event\00153_pre_05.jpg,33|55|76|98|120,"A pre-crash dashcam traffic scene on a highway road, under normal light and cloudy weather, showing a same-direction center rear-end or forward collision conflict.",same-direction center rear-end or forward collision conflict,Normal,Cloudy,Highway,8
00579.avi,C:\Users\Administrator\Desktop\traffic_accident_project\frames\meta0713\00579\pre_event\00579_pre_01.jpg|C:\Users\Administrator\Desktop\traffic_accident_project\frames\meta0713\00579\pre_event\00579_pre_02.jpg|C:\Users\Administrator\Desktop\traffic_accident_project\frames\meta0713\00579\pre_event\00579_pre_03.jpg|C:\Users\Administrator\Desktop\traffic_accident_project\frames\meta0713\00579\pre_event\00579_pre_04.jpg|C:\Users\Administrator\Desktop\traffic_accident_project\frames\meta0713\00579\pre_event\00579_pre_05.jpg,84|93|102|111|120,"A pre-crash dashcam traffic scene on a urban road, under normal light and clear weather, showing a same-direction right-front collision conflict.",same-direction right-front collision conflict,Normal,Clear,Urban,5
00234.avi,C:\Users\Administrator\Desktop\traffic_accident_project\frames\meta0713\00234\pre_event\00234_pre_01.jpg|C:\Users\Administrator\Desktop\traffic_accident_project\frames\meta0713\00234\pre_event\00234_pre_02.jpg|C:\Users\Administrator\Desktop\traffic_accident_project\frames\meta0713\00234\pre_event\00234_pre_03.jpg|C:\Users\Administrator\Desktop\traffic_accident_project\frames\meta0713\00234\pre_event\00234_pre_04.jpg|C:\Users\Administrator\Desktop\traffic_accident_project\frames\meta0713\00234\pre_event\00234_pre_05.jpg,22|46|71|96|120,"A pre-crash dashcam traffic scene on a highway road, under dark light and clear weather, showing a same-direction center rear-end or forward collision conflict.",same-direction center rear-end or forward collision conflict,Dark,Clear,Highway,8
00583.avi,C:\Users\Administrator\Desktop\traffic_accident_project\frames\meta0713\00583\pre_event\00583_pre_01.jpg|C:\Users\Administrator\Desktop\traffic_accident_project\frames\meta0713\00583\pre_event\00583_pre_02.jpg|C:\Users\Administrator\Desktop\traffic_accident_project\frames\meta0713\00583\pre_event\00583_pre_03.jpg|C:\Users\Administrator\Desktop\traffic_accident_project\frames\meta0713\00583\pre_event\00583_pre_04.jpg|C:\Users\Administrator\Desktop\traffic_accident_project\frames\meta0713\00583\pre_event\00583_pre_05.jpg,61|76|90|105|120,"A pre-crash dashcam traffic scene on a highway road, under normal light and clear weather, showing a same-direction center rear-end or forward collision conflict.",same-direction center rear-end or forward collision conflict,Normal,Clear,Highway,8
00456.avi,C:\Users\Administrator\Desktop\traffic_accident_project\frames\meta0713\00456\pre_event\00456_pre_01.jpg|C:\Users\Administrator\Desktop\traffic_accident_project\frames\meta0713\00456\pre_event\00456_pre_02.jpg|C:\Users\Administrator\Desktop\traffic_accident_project\frames\meta0713\00456\pre_event\00456_pre_03.jpg|C:\Users\Administrator\Desktop\traffic_accident_project\frames\meta0713\00456\pre_event\00456_pre_04.jpg|C:\Users\Administrator\Desktop\traffic_accident_project\frames\meta0713\00456\pre_event\00456_pre_05.jpg,87|95|104|112|120,"A pre-crash dashcam traffic scene on a urban road, under normal light and clear weather, showing a same-direction left-front collision conflict.",same-direction left-front collision conflict,Normal,Clear,Urban,7
00424.avi,C:\Users\Administrator\Desktop\traffic_accident_project\frames\meta0713\00424\pre_event\00424_pre_01.jpg|C:\Users\Administrator\Desktop\traffic_accident_project\frames\meta0713\00424\pre_event\00424_pre_02.jpg|C:\Users\Administrator\Desktop\traffic_accident_project\frames\meta0713\00424\pre_event\00424_pre_03.jpg|C:\Users\Administrator\Desktop\traffic_accident_project\frames\meta0713\00424\pre_event\00424_pre_04.jpg|C:\Users\Administrator\Desktop\traffic_accident_project\frames\meta0713\00424\pre_event\00424_pre_05.jpg,61|76|90|105|120,"A pre-crash dashcam traffic scene on a urban road, under normal light and clear weather, showing a same-direction center rear-end or forward collision conflict.",same-direction center rear-end or forward collision conflict,Normal,Clear,Urban,8
00041.avi,C:\Users\Administrator\Desktop\traffic_accident_project\frames\meta0713\00041\pre_event\00041_pre_01.jpg|C:\Users\Administrator\Desktop\traffic_accident_project\frames\meta0713\00041\pre_event\00041_pre_02.jpg|C:\Users\Administrator\Desktop\traffic_accident_project\frames\meta0713\00041\pre_event\00041_pre_03.jpg|C:\Users\Administrator\Desktop\traffic_accident_project\frames\meta0713\00041\pre_event\00041_pre_04.jpg|C:\Users\Administrator\Desktop\traffic_accident_project\frames\meta0713\00041\pre_event\00041_pre_05.jpg,70|82|95|108|120,"A pre-crash dashcam traffic scene on a urban road, under normal light and clear weather, showing a opposite-direction frontal center collision conflict.",opposite-direction frontal center collision conflict,Normal,Clear,Urban,3
00981.avi,C:\Users\Administrator\Desktop\traffic_accident_project\frames\meta0713\00981\pre_event\00981_pre_01.jpg|C:\Users\Administrator\Desktop\traffic_accident_project\frames\meta0713\00981\pre_event\00981_pre_02.jpg|C:\Users\Administrator\Desktop\traffic_accident_project\frames\meta0713\00981\pre_event\00981_pre_03.jpg|C:\Users\Administrator\Desktop\traffic_accident_project\frames\meta0713\00981\pre_event\00981_pre_04.jpg|C:\Users\Administrator\Desktop\traffic_accident_project\frames\meta0713\00981\pre_event\00981_pre_05.jpg,9|37|64|92|120,"A pre-crash dashcam traffic scene on a urban road, under normal light and clear weather, showing a opposite-direction right-side collision conflict.",opposite-direction right-side collision conflict,Normal,Clear,Urban,1
00835.avi,C:\Users\Administrator\Desktop\traffic_accident_project\frames\meta0713\00835\pre_event\00835_pre_01.jpg|C:\Users\Administrator\Desktop\traffic_accident_project\frames\meta0713\00835\pre_event\00835_pre_02.jpg|C:\Users\Administrator\Desktop\traffic_accident_project\frames\meta0713\00835\pre_event\00835_pre_03.jpg|C:\Users\Administrator\Desktop\traffic_accident_project\frames\meta0713\00835\pre_event\00835_pre_04.jpg|C:\Users\Administrator\Desktop\traffic_accident_project\frames\meta0713\00835\pre_event\00835_pre_05.jpg,86|94|103|112|120,"A pre-crash dashcam traffic scene on a urban road, under normal light and clear weather, showing a opposite-direction left-side collision conflict.",opposite-direction left-side collision conflict,Normal,Clear,Urban,2
00849.avi,C:\Users\Administrator\Desktop\traffic_accident_project\frames\meta0713\00849\pre_event\00849_pre_01.jpg|C:\Users\Administrator\Desktop\traffic_accident_project\frames\meta0713\00849\pre_event\00849_pre_02.jpg|C:\Users\Administrator\Desktop\traffic_accident_project\frames\meta0713\00849\pre_event\00849_pre_03.jpg|C:\Users\Administrator\Desktop\traffic_accident_project\frames\meta0713\00849\pre_event\00849_pre_04.jpg|C:\Users\Administrator\Desktop\traffic_accident_project\frames\meta0713\00849\pre_event\00849_pre_05.jpg,39|59|80|100|120,"A pre-crash dashcam traffic scene on a sub-urban road, under normal light and cloudy weather, showing a opposite-direction right-side collision conflict.",opposite-direction right-side collision conflict,Normal,Cloudy,Sub-urban,1
00232.avi,C:\Users\Administrator\Desktop\traffic_accident_project\frames\meta0713\00232\pre_event\00232_pre_01.jpg|C:\Users\Administrator\Desktop\traffic_accident_project\frames\meta0713\00232\pre_event\00232_pre_02.jpg|C:\Users\Administrator\Desktop\traffic_accident_project\frames\meta0713\00232\pre_event\00232_pre_03.jpg|C:\Users\Administrator\Desktop\traffic_accident_project\frames\meta0713\00232\pre_event\00232_pre_04.jpg|C:\Users\Administrator\Desktop\traffic_accident_project\frames\meta0713\00232\pre_event\00232_pre_05.jpg,69|82|94|107|120,"A pre-crash dashcam traffic scene on a urban road, under normal light and rain weather, showing a opposite-direction left-side collision conflict.",opposite-direction left-side collision conflict,Normal,Rain,Urban,2
00147.avi,C:\Users\Administrator\Desktop\traffic_accident_project\frames\meta0713\00147\pre_event\00147_pre_01.jpg|C:\Users\Administrator\Desktop\traffic_accident_project\frames\meta0713\00147\pre_event\00147_pre_02.jpg|C:\Users\Administrator\Desktop\traffic_accident_project\frames\meta0713\00147\pre_event\00147_pre_03.jpg|C:\Users\Administrator\Desktop\traffic_accident_project\frames\meta0713\00147\pre_event\00147_pre_04.jpg|C:\Users\Administrator\Desktop\traffic_accident_project\frames\meta0713\00147\pre_event\00147_pre_05.jpg,86|94|103|112|120,"A pre-crash dashcam traffic scene on a other road, under normal light and clear weather, showing a same-direction right-rear collision conflict.",same-direction right-rear collision conflict,Normal,Clear,Other,4
00609.avi,C:\Users\Administrator\Desktop\traffic_accident_project\frames\meta0713\00609\pre_event\00609_pre_01.jpg|C:\Users\Administrator\Desktop\traffic_accident_project\frames\meta0713\00609\pre_event\00609_pre_02.jpg|C:\Users\Administrator\Desktop\traffic_accident_project\frames\meta0713\00609\pre_event\00609_pre_03.jpg|C:\Users\Administrator\Desktop\traffic_accident_project\frames\meta0713\00609\pre_event\00609_pre_04.jpg|C:\Users\Administrator\Desktop\traffic_accident_project\frames\meta0713\00609\pre_event\00609_pre_05.jpg,83|92|102|111|120,"A pre-crash dashcam traffic scene on a sub-urban road, under normal light and clear weather, showing a opposite-direction right-side collision conflict.",opposite-direction right-side collision conflict,Normal,Clear,Sub-urban,1
00793.avi,C:\Users\Administrator\Desktop\traffic_accident_project\frames\meta0713\00793\pre_event\00793_pre_01.jpg|C:\Users\Administrator\Desktop\traffic_accident_project\frames\meta0713\00793\pre_event\00793_pre_02.jpg|C:\Users\Administrator\Desktop\traffic_accident_project\frames\meta0713\00793\pre_event\00793_pre_03.jpg|C:\Users\Administrator\Desktop\traffic_accident_project\frames\meta0713\00793\pre_event\00793_pre_04.jpg|C:\Users\Administrator\Desktop\traffic_accident_project\frames\meta0713\00793\pre_event\00793_pre_05.jpg,4|33|62|91|120,"A pre-crash dashcam traffic scene on a other road, under normal light and clear weather, showing a same-direction center rear-end or forward collision conflict.",same-direction center rear-end or forward collision conflict,Normal,Clear,Other,8
00693.avi,C:\Users\Administrator\Desktop\traffic_accident_project\frames\meta0713\00693\pre_event\00693_pre_01.jpg|C:\Users\Administrator\Desktop\traffic_accident_project\frames\meta0713\00693\pre_event\00693_pre_02.jpg|C:\Users\Administrator\Desktop\traffic_accident_project\frames\meta0713\00693\pre_event\00693_pre_03.jpg|C:\Users\Administrator\Desktop\traffic_accident_project\frames\meta0713\00693\pre_event\00693_pre_04.jpg|C:\Users\Administrator\Desktop\traffic_accident_project\frames\meta0713\00693\pre_event\00693_pre_05.jpg,89|97|104|112|120,"A pre-crash dashcam traffic scene on a urban road, under normal light and clear weather, showing a same-direction right-front collision conflict.",same-direction right-front collision conflict,Normal,Clear,Urban,5
00103.avi,C:\Users\Administrator\Desktop\traffic_accident_project\frames\meta0713\00103\pre_event\00103_pre_01.jpg|C:\Users\Administrator\Desktop\traffic_accident_project\frames\meta0713\00103\pre_event\00103_pre_02.jpg|C:\Users\Administrator\Desktop\traffic_accident_project\frames\meta0713\00103\pre_event\00103_pre_03.jpg|C:\Users\Administrator\Desktop\traffic_accident_project\frames\meta0713\00103\pre_event\00103_pre_04.jpg|C:\Users\Administrator\Desktop\traffic_accident_project\frames\meta0713\00103\pre_event\00103_pre_05.jpg,88|96|104|112|120,"A pre-crash dashcam traffic scene on a urban road, under normal light and rain weather, showing a opposite-direction left-side collision conflict.",opposite-direction left-side collision conflict,Normal,Rain,Urban,2
00129.avi,C:\Users\Administrator\Desktop\traffic_accident_project\frames\meta0713\00129\pre_event\00129_pre_01.jpg|C:\Users\Administrator\Desktop\traffic_accident_project\frames\meta0713\00129\pre_event\00129_pre_02.jpg|C:\Users\Administrator\Desktop\traffic_accident_project\frames\meta0713\00129\pre_event\00129_pre_03.jpg|C:\Users\Administrator\Desktop\traffic_accident_project\frames\meta0713\00129\pre_event\00129_pre_04.jpg|C:\Users\Administrator\Desktop\traffic_accident_project\frames\meta0713\00129\pre_event\00129_pre_05.jpg,94|100|107|114|120,"A pre-crash dashcam traffic scene on a urban road, under normal light and cloudy weather, showing a same-direction right-front collision conflict.",same-direction right-front collision conflict,Normal,Cloudy,Urban,5
00275.avi,C:\Users\Administrator\Desktop\traffic_accident_project\frames\meta0713\00275\pre_event\00275_pre_01.jpg|C:\Users\Administrator\Desktop\traffic_accident_project\frames\meta0713\00275\pre_event\00275_pre_02.jpg|C:\Users\Administrator\Desktop\traffic_accident_project\frames\meta0713\00275\pre_event\00275_pre_03.jpg|C:\Users\Administrator\Desktop\traffic_accident_project\frames\meta0713\00275\pre_event\00275_pre_04.jpg|C:\Users\Administrator\Desktop\traffic_accident_project\frames\meta0713\00275\pre_event\00275_pre_05.jpg,69|82|94|107|120,"A pre-crash dashcam traffic scene on a highway road, under normal light and cloudy weather, showing a same-direction center rear-end or forward collision conflict.",same-direction center rear-end or forward collision conflict,Normal,Cloudy,Highway,8
00633.avi,C:\Users\Administrator\Desktop\traffic_accident_project\frames\meta0713\00633\pre_event\00633_pre_01.jpg|C:\Users\Administrator\Desktop\traffic_accident_project\frames\meta0713\00633\pre_event\00633_pre_02.jpg|C:\Users\Administrator\Desktop\traffic_accident_project\frames\meta0713\00633\pre_event\00633_pre_03.jpg|C:\Users\Administrator\Desktop\traffic_accident_project\frames\meta0713\00633\pre_event\00633_pre_04.jpg|C:\Users\Administrator\Desktop\traffic_accident_project\frames\meta0713\00633\pre_event\00633_pre_05.jpg,13|40|66|93|120,"A pre-crash dashcam traffic scene on a urban road, under normal light and clear weather, showing a same-direction left-front collision conflict.",same-direction left-front collision conflict,Normal,Clear,Urban,7
00172.avi,C:\Users\Administrator\Desktop\traffic_accident_project\frames\meta0713\00172\pre_event\00172_pre_01.jpg|C:\Users\Administrator\Desktop\traffic_accident_project\frames\meta0713\00172\pre_event\00172_pre_02.jpg|C:\Users\Administrator\Desktop\traffic_accident_project\frames\meta0713\00172\pre_event\00172_pre_03.jpg|C:\Users\Administrator\Desktop\traffic_accident_project\frames\meta0713\00172\pre_event\00172_pre_04.jpg|C:\Users\Administrator\Desktop\traffic_accident_project\frames\meta0713\00172\pre_event\00172_pre_05.jpg,102|106|111|116|120,"A pre-crash dashcam traffic scene on a urban road, under normal light and cloudy weather, showing a opposite-direction left-side collision conflict.",opposite-direction left-side collision conflict,Normal,Cloudy,Urban,2
00571.avi,C:\Users\Administrator\Desktop\traffic_accident_project\frames\meta0713\00571\pre_event\00571_pre_01.jpg|C:\Users\Administrator\Desktop\traffic_accident_project\frames\meta0713\00571\pre_event\00571_pre_02.jpg|C:\Users\Administrator\Desktop\traffic_accident_project\frames\meta0713\00571\pre_event\00571_pre_03.jpg|C:\Users\Administrator\Desktop\traffic_accident_project\frames\meta0713\00571\pre_event\00571_pre_04.jpg|C:\Users\Administrator\Desktop\traffic_accident_project\frames\meta0713\00571\pre_event\00571_pre_05.jpg,81|91|100|110|120,"A pre-crash dashcam traffic scene on a urban road, under normal light and cloudy weather, showing a same-direction right-rear collision conflict.",same-direction right-rear collision conflict,Normal,Cloudy,Urban,4
00027.avi,C:\Users\Administrator\Desktop\traffic_accident_project\frames\meta0713\00027\pre_event\00027_pre_01.jpg|C:\Users\Administrator\Desktop\traffic_accident_project\frames\meta0713\00027\pre_event\00027_pre_02.jpg|C:\Users\Administrator\Desktop\traffic_accident_project\frames\meta0713\00027\pre_event\00027_pre_03.jpg|C:\Users\Administrator\Desktop\traffic_accident_project\frames\meta0713\00027\pre_event\00027_pre_04.jpg|C:\Users\Administrator\Desktop\traffic_accident_project\frames\meta0713\00027\pre_event\00027_pre_05.jpg,67|80|94|107|120,"A pre-crash dashcam traffic scene on a urban road, under normal light and clear weather, showing a same-direction center rear-end or forward collision conflict.",same-direction center rear-end or forward collision conflict,Normal,Clear,Urban,8
00307.avi,C:\Users\Administrator\Desktop\traffic_accident_project\frames\meta0713\00307\pre_event\00307_pre_01.jpg|C:\Users\Administrator\Desktop\traffic_accident_project\frames\meta0713\00307\pre_event\00307_pre_02.jpg|C:\Users\Administrator\Desktop\traffic_accident_project\frames\meta0713\00307\pre_event\00307_pre_03.jpg|C:\Users\Administrator\Desktop\traffic_accident_project\frames\meta0713\00307\pre_event\00307_pre_04.jpg|C:\Users\Administrator\Desktop\traffic_accident_project\frames\meta0713\00307\pre_event\00307_pre_05.jpg,82|92|101|110|120,"A pre-crash dashcam traffic scene on a urban road, under normal light and clear weather, showing a same-direction center rear-end or forward collision conflict.",same-direction center rear-end or forward collision conflict,Normal,Clear,Urban,8
00264.avi,C:\Users\Administrator\Desktop\traffic_accident_project\frames\meta0713\00264\pre_event\00264_pre_01.jpg|C:\Users\Administrator\Desktop\traffic_accident_project\frames\meta0713\00264\pre_event\00264_pre_02.jpg|C:\Users\Administrator\Desktop\traffic_accident_project\frames\meta0713\00264\pre_event\00264_pre_03.jpg|C:\Users\Administrator\Desktop\traffic_accident_project\frames\meta0713\00264\pre_event\00264_pre_04.jpg|C:\Users\Administrator\Desktop\traffic_accident_project\frames\meta0713\00264\pre_event\00264_pre_05.jpg,49|67|84|102|120,"A pre-crash dashcam traffic scene on a urban road, under normal light and rain weather, showing a same-direction right-front collision conflict.",same-direction right-front collision conflict,Normal,Rain,Urban,5
00136.avi,C:\Users\Administrator\Desktop\traffic_accident_project\frames\meta0713\00136\pre_event\00136_pre_01.jpg|C:\Users\Administrator\Desktop\traffic_accident_project\frames\meta0713\00136\pre_event\00136_pre_02.jpg|C:\Users\Administrator\Desktop\traffic_accident_project\frames\meta0713\00136\pre_event\00136_pre_03.jpg|C:\Users\Administrator\Desktop\traffic_accident_project\frames\meta0713\00136\pre_event\00136_pre_04.jpg|C:\Users\Administrator\Desktop\traffic_accident_project\frames\meta0713\00136\pre_event\00136_pre_05.jpg,40|60|80|100|120,"A pre-crash dashcam traffic scene on a urban road, under normal light and clear weather, showing a same-direction left-front collision conflict.",same-direction left-front collision conflict,Normal,Clear,Urban,7
00816.avi,C:\Users\Administrator\Desktop\traffic_accident_project\frames\meta0713\00816\pre_event\00816_pre_01.jpg|C:\Users\Administrator\Desktop\traffic_accident_project\frames\meta0713\00816\pre_event\00816_pre_02.jpg|C:\Users\Administrator\Desktop\traffic_accident_project\frames\meta0713\00816\pre_event\00816_pre_03.jpg|C:\Users\Administrator\Desktop\traffic_accident_project\frames\meta0713\00816\pre_event\00816_pre_04.jpg|C:\Users\Administrator\Desktop\traffic_accident_project\frames\meta0713\00816\pre_event\00816_pre_05.jpg,88|96|104|112|120,"A pre-crash dashcam traffic scene on a urban road, under normal light and clear weather, showing a opposite-direction frontal center collision conflict.",opposite-direction frontal center collision conflict,Normal,Clear,Urban,3
00959.avi,C:\Users\Administrator\Desktop\traffic_accident_project\frames\meta0713\00959\pre_event\00959_pre_01.jpg|C:\Users\Administrator\Desktop\traffic_accident_project\frames\meta0713\00959\pre_event\00959_pre_02.jpg|C:\Users\Administrator\Desktop\traffic_accident_project\frames\meta0713\00959\pre_event\00959_pre_03.jpg|C:\Users\Administrator\Desktop\traffic_accident_project\frames\meta0713\00959\pre_event\00959_pre_04.jpg|C:\Users\Administrator\Desktop\traffic_accident_project\frames\meta0713\00959\pre_event\00959_pre_05.jpg,71|83|96|108|120,"A pre-crash dashcam traffic scene on a urban road, under normal light and cloudy weather, showing a same-direction left-front collision conflict.",same-direction left-front collision conflict,Normal,Cloudy,Urban,7
00047.avi,C:\Users\Administrator\Desktop\traffic_accident_project\frames\meta0713\00047\pre_event\00047_pre_01.jpg|C:\Users\Administrator\Desktop\traffic_accident_project\frames\meta0713\00047\pre_event\00047_pre_02.jpg|C:\Users\Administrator\Desktop\traffic_accident_project\frames\meta0713\00047\pre_event\00047_pre_03.jpg|C:\Users\Administrator\Desktop\traffic_accident_project\frames\meta0713\00047\pre_event\00047_pre_04.jpg|C:\Users\Administrator\Desktop\traffic_accident_project\frames\meta0713\00047\pre_event\00047_pre_05.jpg,85|94|102|111|120,"A pre-crash dashcam traffic scene on a urban road, under normal light and cloudy weather, showing a opposite-direction right-side collision conflict.",opposite-direction right-side collision conflict,Normal,Cloudy,Urban,1
00551.avi,C:\Users\Administrator\Desktop\traffic_accident_project\frames\meta0713\00551\pre_event\00551_pre_01.jpg|C:\Users\Administrator\Desktop\traffic_accident_project\frames\meta0713\00551\pre_event\00551_pre_02.jpg|C:\Users\Administrator\Desktop\traffic_accident_project\frames\meta0713\00551\pre_event\00551_pre_03.jpg|C:\Users\Administrator\Desktop\traffic_accident_project\frames\meta0713\00551\pre_event\00551_pre_04.jpg|C:\Users\Administrator\Desktop\traffic_accident_project\frames\meta0713\00551\pre_event\00551_pre_05.jpg,75|86|98|109|120,"A pre-crash dashcam traffic scene on a urban road, under normal light and cloudy weather, showing a opposite-direction frontal center collision conflict.",opposite-direction frontal center collision conflict,Normal,Cloudy,Urban,3
00549.avi,C:\Users\Administrator\Desktop\traffic_accident_project\frames\meta0713\00549\pre_event\00549_pre_01.jpg|C:\Users\Administrator\Desktop\traffic_accident_project\frames\meta0713\00549\pre_event\00549_pre_02.jpg|C:\Users\Administrator\Desktop\traffic_accident_project\frames\meta0713\00549\pre_event\00549_pre_03.jpg|C:\Users\Administrator\Desktop\traffic_accident_project\frames\meta0713\00549\pre_event\00549_pre_04.jpg|C:\Users\Administrator\Desktop\traffic_accident_project\frames\meta0713\00549\pre_event\00549_pre_05.jpg,99|104|110|115|120,"A pre-crash dashcam traffic scene on a urban road, under normal light and clear weather, showing a opposite-direction left-side collision conflict.",opposite-direction left-side collision conflict,Normal,Clear,Urban,2
00734.avi,C:\Users\Administrator\Desktop\traffic_accident_project\frames\meta0713\00734\pre_event\00734_pre_01.jpg|C:\Users\Administrator\Desktop\traffic_accident_project\frames\meta0713\00734\pre_event\00734_pre_02.jpg|C:\Users\Administrator\Desktop\traffic_accident_project\frames\meta0713\00734\pre_event\00734_pre_03.jpg|C:\Users\Administrator\Desktop\traffic_accident_project\frames\meta0713\00734\pre_event\00734_pre_04.jpg|C:\Users\Administrator\Desktop\traffic_accident_project\frames\meta0713\00734\pre_event\00734_pre_05.jpg,1|31|60|90|120,"A pre-crash dashcam traffic scene on a highway road, under normal light and rain weather, showing a same-direction center rear-end or forward collision conflict.",same-direction center rear-end or forward collision conflict,Normal,Rain,Highway,8
00935.avi,C:\Users\Administrator\Desktop\traffic_accident_project\frames\meta0713\00935\pre_event\00935_pre_01.jpg|C:\Users\Administrator\Desktop\traffic_accident_project\frames\meta0713\00935\pre_event\00935_pre_02.jpg|C:\Users\Administrator\Desktop\traffic_accident_project\frames\meta0713\00935\pre_event\00935_pre_03.jpg|C:\Users\Administrator\Desktop\traffic_accident_project\frames\meta0713\00935\pre_event\00935_pre_04.jpg|C:\Users\Administrator\Desktop\traffic_accident_project\frames\meta0713\00935\pre_event\00935_pre_05.jpg,8|36|64|92|120,"A pre-crash dashcam traffic scene on a sub-urban road, under normal light and clear weather, showing a same-direction left-front collision conflict.",same-direction left-front collision conflict,Normal,Clear,Sub-urban,7
00188.avi,C:\Users\Administrator\Desktop\traffic_accident_project\frames\meta0713\00188\pre_event\00188_pre_01.jpg|C:\Users\Administrator\Desktop\traffic_accident_project\frames\meta0713\00188\pre_event\00188_pre_02.jpg|C:\Users\Administrator\Desktop\traffic_accident_project\frames\meta0713\00188\pre_event\00188_pre_03.jpg|C:\Users\Administrator\Desktop\traffic_accident_project\frames\meta0713\00188\pre_event\00188_pre_04.jpg|C:\Users\Administrator\Desktop\traffic_accident_project\frames\meta0713\00188\pre_event\00188_pre_05.jpg,103|107|112|116|120,"A pre-crash dashcam traffic scene on a urban road, under normal light and clear weather, showing a opposite-direction right-side collision conflict.",opposite-direction right-side collision conflict,Normal,Clear,Urban,1
00302.avi,C:\Users\Administrator\Desktop\traffic_accident_project\frames\meta0713\00302\pre_event\00302_pre_01.jpg|C:\Users\Administrator\Desktop\traffic_accident_project\frames\meta0713\00302\pre_event\00302_pre_02.jpg|C:\Users\Administrator\Desktop\traffic_accident_project\frames\meta0713\00302\pre_event\00302_pre_03.jpg|C:\Users\Administrator\Desktop\traffic_accident_project\frames\meta0713\00302\pre_event\00302_pre_04.jpg|C:\Users\Administrator\Desktop\traffic_accident_project\frames\meta0713\00302\pre_event\00302_pre_05.jpg,73|85|96|108|120,"A pre-crash dashcam traffic scene on a urban road, under normal light and clear weather, showing a same-direction left-front collision conflict.",same-direction left-front collision conflict,Normal,Clear,Urban,7
00634.avi,C:\Users\Administrator\Desktop\traffic_accident_project\frames\meta0713\00634\pre_event\00634_pre_01.jpg|C:\Users\Administrator\Desktop\traffic_accident_project\frames\meta0713\00634\pre_event\00634_pre_02.jpg|C:\Users\Administrator\Desktop\traffic_accident_project\frames\meta0713\00634\pre_event\00634_pre_03.jpg|C:\Users\Administrator\Desktop\traffic_accident_project\frames\meta0713\00634\pre_event\00634_pre_04.jpg|C:\Users\Administrator\Desktop\traffic_accident_project\frames\meta0713\00634\pre_event\00634_pre_05.jpg,80|90|100|110|120,"A pre-crash dashcam traffic scene on a sub-urban road, under normal light and clear weather, showing a opposite-direction right-side collision conflict.",opposite-direction right-side collision conflict,Normal,Clear,Sub-urban,1
00701.avi,C:\Users\Administrator\Desktop\traffic_accident_project\frames\meta0713\00701\pre_event\00701_pre_01.jpg|C:\Users\Administrator\Desktop\traffic_accident_project\frames\meta0713\00701\pre_event\00701_pre_02.jpg|C:\Users\Administrator\Desktop\traffic_accident_project\frames\meta0713\00701\pre_event\00701_pre_03.jpg|C:\Users\Administrator\Desktop\traffic_accident_project\frames\meta0713\00701\pre_event\00701_pre_04.jpg|C:\Users\Administrator\Desktop\traffic_accident_project\frames\meta0713\00701\pre_event\00701_pre_05.jpg,93|100|106|113|120,"A pre-crash dashcam traffic scene on a highway road, under normal light and cloudy weather, showing a same-direction right-front collision conflict.",same-direction right-front collision conflict,Normal,Cloudy,Highway,5
00637.avi,C:\Users\Administrator\Desktop\traffic_accident_project\frames\meta0713\00637\pre_event\00637_pre_01.jpg|C:\Users\Administrator\Desktop\traffic_accident_project\frames\meta0713\00637\pre_event\00637_pre_02.jpg|C:\Users\Administrator\Desktop\traffic_accident_project\frames\meta0713\00637\pre_event\00637_pre_03.jpg|C:\Users\Administrator\Desktop\traffic_accident_project\frames\meta0713\00637\pre_event\00637_pre_04.jpg|C:\Users\Administrator\Desktop\traffic_accident_project\frames\meta0713\00637\pre_event\00637_pre_05.jpg,84|93|102|111|120,"A pre-crash dashcam traffic scene on a urban road, under normal light and cloudy weather, showing a same-direction right-front collision conflict.",same-direction right-front collision conflict,Normal,Cloudy,Urban,5
00502.avi,C:\Users\Administrator\Desktop\traffic_accident_project\frames\meta0713\00502\pre_event\00502_pre_01.jpg|C:\Users\Administrator\Desktop\traffic_accident_project\frames\meta0713\00502\pre_event\00502_pre_02.jpg|C:\Users\Administrator\Desktop\traffic_accident_project\frames\meta0713\00502\pre_event\00502_pre_03.jpg|C:\Users\Administrator\Desktop\traffic_accident_project\frames\meta0713\00502\pre_event\00502_pre_04.jpg|C:\Users\Administrator\Desktop\traffic_accident_project\frames\meta0713\00502\pre_event\00502_pre_05.jpg,10|38|65|92|120,"A pre-crash dashcam traffic scene on a highway road, under normal light and clear weather, showing a same-direction center rear-end or forward collision conflict.",same-direction center rear-end or forward collision conflict,Normal,Clear,Highway,8
00825.avi,C:\Users\Administrator\Desktop\traffic_accident_project\frames\meta0713\00825\pre_event\00825_pre_01.jpg|C:\Users\Administrator\Desktop\traffic_accident_project\frames\meta0713\00825\pre_event\00825_pre_02.jpg|C:\Users\Administrator\Desktop\traffic_accident_project\frames\meta0713\00825\pre_event\00825_pre_03.jpg|C:\Users\Administrator\Desktop\traffic_accident_project\frames\meta0713\00825\pre_event\00825_pre_04.jpg|C:\Users\Administrator\Desktop\traffic_accident_project\frames\meta0713\00825\pre_event\00825_pre_05.jpg,74|86|97|108|120,"A pre-crash dashcam traffic scene on a urban road, under normal light and clear weather, showing a opposite-direction left-side collision conflict.",opposite-direction left-side collision conflict,Normal,Clear,Urban,2
00119.avi,C:\Users\Administrator\Desktop\traffic_accident_project\frames\meta0713\00119\pre_event\00119_pre_01.jpg|C:\Users\Administrator\Desktop\traffic_accident_project\frames\meta0713\00119\pre_event\00119_pre_02.jpg|C:\Users\Administrator\Desktop\traffic_accident_project\frames\meta0713\00119\pre_event\00119_pre_03.jpg|C:\Users\Administrator\Desktop\traffic_accident_project\frames\meta0713\00119\pre_event\00119_pre_04.jpg|C:\Users\Administrator\Desktop\traffic_accident_project\frames\meta0713\00119\pre_event\00119_pre_05.jpg,81|91|100|110|120,"A pre-crash dashcam traffic scene on a urban road, under twilight light and clear weather, showing a same-direction left-front collision conflict.",same-direction left-front collision conflict,Twilight,Clear,Urban,7
00303.avi,C:\Users\Administrator\Desktop\traffic_accident_project\frames\meta0713\00303\pre_event\00303_pre_01.jpg|C:\Users\Administrator\Desktop\traffic_accident_project\frames\meta0713\00303\pre_event\00303_pre_02.jpg|C:\Users\Administrator\Desktop\traffic_accident_project\frames\meta0713\00303\pre_event\00303_pre_03.jpg|C:\Users\Administrator\Desktop\traffic_accident_project\frames\meta0713\00303\pre_event\00303_pre_04.jpg|C:\Users\Administrator\Desktop\traffic_accident_project\frames\meta0713\00303\pre_event\00303_pre_05.jpg,70|82|95|108|120,"A pre-crash dashcam traffic scene on a urban road, under normal light and cloudy weather, showing a opposite-direction frontal center collision conflict.",opposite-direction frontal center collision conflict,Normal,Cloudy,Urban,3
00929.avi,C:\Users\Administrator\Desktop\traffic_accident_project\frames\meta0713\00929\pre_event\00929_pre_01.jpg|C:\Users\Administrator\Desktop\traffic_accident_project\frames\meta0713\00929\pre_event\00929_pre_02.jpg|C:\Users\Administrator\Desktop\traffic_accident_project\frames\meta0713\00929\pre_event\00929_pre_03.jpg|C:\Users\Administrator\Desktop\traffic_accident_project\frames\meta0713\00929\pre_event\00929_pre_04.jpg|C:\Users\Administrator\Desktop\traffic_accident_project\frames\meta0713\00929\pre_event\00929_pre_05.jpg,46|64|83|102|120,"A pre-crash dashcam traffic scene on a sub-urban road, under dark light and clear weather, showing a opposite-direction frontal center collision conflict.",opposite-direction frontal center collision conflict,Dark,Clear,Sub-urban,3
01004.avi,C:\Users\Administrator\Desktop\traffic_accident_project\frames\meta0713\01004\pre_event\01004_pre_01.jpg|C:\Users\Administrator\Desktop\traffic_accident_project\frames\meta0713\01004\pre_event\01004_pre_02.jpg|C:\Users\Administrator\Desktop\traffic_accident_project\frames\meta0713\01004\pre_event\01004_pre_03.jpg|C:\Users\Administrator\Desktop\traffic_accident_project\frames\meta0713\01004\pre_event\01004_pre_04.jpg|C:\Users\Administrator\Desktop\traffic_accident_project\frames\meta0713\01004\pre_event\01004_pre_05.jpg,28|51|74|97|120,"A pre-crash dashcam traffic scene on a urban road, under normal light and clear weather, showing a same-direction center rear-end or forward collision conflict.",same-direction center rear-end or forward collision conflict,Normal,Clear,Urban,8
00065.avi,C:\Users\Administrator\Desktop\traffic_accident_project\frames\meta0713\00065\pre_event\00065_pre_01.jpg|C:\Users\Administrator\Desktop\traffic_accident_project\frames\meta0713\00065\pre_event\00065_pre_02.jpg|C:\Users\Administrator\Desktop\traffic_accident_project\frames\meta0713\00065\pre_event\00065_pre_03.jpg|C:\Users\Administrator\Desktop\traffic_accident_project\frames\meta0713\00065\pre_event\00065_pre_04.jpg|C:\Users\Administrator\Desktop\traffic_accident_project\frames\meta0713\00065\pre_event\00065_pre_05.jpg,77|88|98|109|120,"A pre-crash dashcam traffic scene on a urban road, under normal light and rain weather, showing a same-direction center rear-end or forward collision conflict.",same-direction center rear-end or forward collision conflict,Normal,Rain,Urban,8
00748.avi,C:\Users\Administrator\Desktop\traffic_accident_project\frames\meta0713\00748\pre_event\00748_pre_01.jpg|C:\Users\Administrator\Desktop\traffic_accident_project\frames\meta0713\00748\pre_event\00748_pre_02.jpg|C:\Users\Administrator\Desktop\traffic_accident_project\frames\meta0713\00748\pre_event\00748_pre_03.jpg|C:\Users\Administrator\Desktop\traffic_accident_project\frames\meta0713\00748\pre_event\00748_pre_04.jpg|C:\Users\Administrator\Desktop\traffic_accident_project\frames\meta0713\00748\pre_event\00748_pre_05.jpg,90|98|105|112|120,"A pre-crash dashcam traffic scene on a urban road, under normal light and cloudy weather, showing a same-direction right-front collision conflict.",same-direction right-front collision conflict,Normal,Cloudy,Urban,5
00210.avi,C:\Users\Administrator\Desktop\traffic_accident_project\frames\meta0713\00210\pre_event\00210_pre_01.jpg|C:\Users\Administrator\Desktop\traffic_accident_project\frames\meta0713\00210\pre_event\00210_pre_02.jpg|C:\Users\Administrator\Desktop\traffic_accident_project\frames\meta0713\00210\pre_event\00210_pre_03.jpg|C:\Users\Administrator\Desktop\traffic_accident_project\frames\meta0713\00210\pre_event\00210_pre_04.jpg|C:\Users\Administrator\Desktop\traffic_accident_project\frames\meta0713\00210\pre_event\00210_pre_05.jpg,99|104|110|115|120,"A pre-crash dashcam traffic scene on a urban road, under normal light and clear weather, showing a opposite-direction left-side collision conflict.",opposite-direction left-side collision conflict,Normal,Clear,Urban,2
00321.avi,C:\Users\Administrator\Desktop\traffic_accident_project\frames\meta0713\00321\pre_event\00321_pre_01.jpg|C:\Users\Administrator\Desktop\traffic_accident_project\frames\meta0713\00321\pre_event\00321_pre_02.jpg|C:\Users\Administrator\Desktop\traffic_accident_project\frames\meta0713\00321\pre_event\00321_pre_03.jpg|C:\Users\Administrator\Desktop\traffic_accident_project\frames\meta0713\00321\pre_event\00321_pre_04.jpg|C:\Users\Administrator\Desktop\traffic_accident_project\frames\meta0713\00321\pre_event\00321_pre_05.jpg,84|93|102|111|120,"A pre-crash dashcam traffic scene on a urban road, under normal light and rain weather, showing a opposite-direction left-side collision conflict.",opposite-direction left-side collision conflict,Normal,Rain,Urban,2
00426.avi,C:\Users\Administrator\Desktop\traffic_accident_project\frames\meta0713\00426\pre_event\00426_pre_01.jpg|C:\Users\Administrator\Desktop\traffic_accident_project\frames\meta0713\00426\pre_event\00426_pre_02.jpg|C:\Users\Administrator\Desktop\traffic_accident_project\frames\meta0713\00426\pre_event\00426_pre_03.jpg|C:\Users\Administrator\Desktop\traffic_accident_project\frames\meta0713\00426\pre_event\00426_pre_04.jpg|C:\Users\Administrator\Desktop\traffic_accident_project\frames\meta0713\00426\pre_event\00426_pre_05.jpg,102|106|111|116|120,"A pre-crash dashcam traffic scene on a urban road, under normal light and clear weather, showing a same-direction center rear-end or forward collision conflict.",same-direction center rear-end or forward collision conflict,Normal,Clear,Urban,8
00553.avi,C:\Users\Administrator\Desktop\traffic_accident_project\frames\meta0713\00553\pre_event\00553_pre_01.jpg|C:\Users\Administrator\Desktop\traffic_accident_project\frames\meta0713\00553\pre_event\00553_pre_02.jpg|C:\Users\Administrator\Desktop\traffic_accident_project\frames\meta0713\00553\pre_event\00553_pre_03.jpg|C:\Users\Administrator\Desktop\traffic_accident_project\frames\meta0713\00553\pre_event\00553_pre_04.jpg|C:\Users\Administrator\Desktop\traffic_accident_project\frames\meta0713\00553\pre_event\00553_pre_05.jpg,99|104|110|115|120,"A pre-crash dashcam traffic scene on a urban road, under normal light and clear weather, showing a opposite-direction frontal center collision conflict.",opposite-direction frontal center collision conflict,Normal,Clear,Urban,3
00916.avi,C:\Users\Administrator\Desktop\traffic_accident_project\frames\meta0713\00916\pre_event\00916_pre_01.jpg|C:\Users\Administrator\Desktop\traffic_accident_project\frames\meta0713\00916\pre_event\00916_pre_02.jpg|C:\Users\Administrator\Desktop\traffic_accident_project\frames\meta0713\00916\pre_event\00916_pre_03.jpg|C:\Users\Administrator\Desktop\traffic_accident_project\frames\meta0713\00916\pre_event\00916_pre_04.jpg|C:\Users\Administrator\Desktop\traffic_accident_project\frames\meta0713\00916\pre_event\00916_pre_05.jpg,41|61|80|100|120,"A pre-crash dashcam traffic scene on a urban road, under normal light and cloudy weather, showing a same-direction right-front collision conflict.",same-direction right-front collision conflict,Normal,Cloudy,Urban,5
00944.avi,C:\Users\Administrator\Desktop\traffic_accident_project\frames\meta0713\00944\pre_event\00944_pre_01.jpg|C:\Users\Administrator\Desktop\traffic_accident_project\frames\meta0713\00944\pre_event\00944_pre_02.jpg|C:\Users\Administrator\Desktop\traffic_accident_project\frames\meta0713\00944\pre_event\00944_pre_03.jpg|C:\Users\Administrator\Desktop\traffic_accident_project\frames\meta0713\00944\pre_event\00944_pre_04.jpg|C:\Users\Administrator\Desktop\traffic_accident_project\frames\meta0713\00944\pre_event\00944_pre_05.jpg,78|88|99|110|120,"A pre-crash dashcam traffic scene on a highway road, under dark light and clear weather, showing a same-direction right-front collision conflict.",same-direction right-front collision conflict,Dark,Clear,Highway,5
00534.avi,C:\Users\Administrator\Desktop\traffic_accident_project\frames\meta0713\00534\pre_event\00534_pre_01.jpg|C:\Users\Administrator\Desktop\traffic_accident_project\frames\meta0713\00534\pre_event\00534_pre_02.jpg|C:\Users\Administrator\Desktop\traffic_accident_project\frames\meta0713\00534\pre_event\00534_pre_03.jpg|C:\Users\Administrator\Desktop\traffic_accident_project\frames\meta0713\00534\pre_event\00534_pre_04.jpg|C:\Users\Administrator\Desktop\traffic_accident_project\frames\meta0713\00534\pre_event\00534_pre_05.jpg,61|76|90|105|120,"A pre-crash dashcam traffic scene on a urban road, under normal light and clear weather, showing a same-direction center rear-end or forward collision conflict.",same-direction center rear-end or forward collision conflict,Normal,Clear,Urban,8
00452.avi,C:\Users\Administrator\Desktop\traffic_accident_project\frames\meta0713\00452\pre_event\00452_pre_01.jpg|C:\Users\Administrator\Desktop\traffic_accident_project\frames\meta0713\00452\pre_event\00452_pre_02.jpg|C:\Users\Administrator\Desktop\traffic_accident_project\frames\meta0713\00452\pre_event\00452_pre_03.jpg|C:\Users\Administrator\Desktop\traffic_accident_project\frames\meta0713\00452\pre_event\00452_pre_04.jpg|C:\Users\Administrator\Desktop\traffic_accident_project\frames\meta0713\00452\pre_event\00452_pre_05.jpg,77|88|98|109|120,"A pre-crash dashcam traffic scene on a urban road, under normal light and clear weather, showing a same-direction center rear-end or forward collision conflict.",same-direction center rear-end or forward collision conflict,Normal,Clear,Urban,8
00554.avi,C:\Users\Administrator\Desktop\traffic_accident_project\frames\meta0713\00554\pre_event\00554_pre_01.jpg|C:\Users\Administrator\Desktop\traffic_accident_project\frames\meta0713\00554\pre_event\00554_pre_02.jpg|C:\Users\Administrator\Desktop\traffic_accident_project\frames\meta0713\00554\pre_event\00554_pre_03.jpg|C:\Users\Administrator\Desktop\traffic_accident_project\frames\meta0713\00554\pre_event\00554_pre_04.jpg|C:\Users\Administrator\Desktop\traffic_accident_project\frames\meta0713\00554\pre_event\00554_pre_05.jpg,62|76|91|106|120,"A pre-crash dashcam traffic scene on a urban road, under normal light and cloudy weather, showing a same-direction center rear-end or forward collision conflict.",same-direction center rear-end or forward collision conflict,Normal,Cloudy,Urban,8
00860.avi,C:\Users\Administrator\Desktop\traffic_accident_project\frames\meta0713\00860\pre_event\00860_pre_01.jpg|C:\Users\Administrator\Desktop\traffic_accident_project\frames\meta0713\00860\pre_event\00860_pre_02.jpg|C:\Users\Administrator\Desktop\traffic_accident_project\frames\meta0713\00860\pre_event\00860_pre_03.jpg|C:\Users\Administrator\Desktop\traffic_accident_project\frames\meta0713\00860\pre_event\00860_pre_04.jpg|C:\Users\Administrator\Desktop\traffic_accident_project\frames\meta0713\00860\pre_event\00860_pre_05.jpg,105|109|112|116|120,"A pre-crash dashcam traffic scene on a highway road, under normal light and clear weather, showing a same-direction center rear-end or forward collision conflict.",same-direction center rear-end or forward collision conflict,Normal,Clear,Highway,8
00798.avi,C:\Users\Administrator\Desktop\traffic_accident_project\frames\meta0713\00798\pre_event\00798_pre_01.jpg|C:\Users\Administrator\Desktop\traffic_accident_project\frames\meta0713\00798\pre_event\00798_pre_02.jpg|C:\Users\Administrator\Desktop\traffic_accident_project\frames\meta0713\00798\pre_event\00798_pre_03.jpg|C:\Users\Administrator\Desktop\traffic_accident_project\frames\meta0713\00798\pre_event\00798_pre_04.jpg|C:\Users\Administrator\Desktop\traffic_accident_project\frames\meta0713\00798\pre_event\00798_pre_05.jpg,63|77|92|106|120,"A pre-crash dashcam traffic scene on a urban road, under normal light and rain weather, showing a same-direction right-rear collision conflict.",same-direction right-rear collision conflict,Normal,Rain,Urban,4
00971.avi,C:\Users\Administrator\Desktop\traffic_accident_project\frames\meta0713\00971\pre_event\00971_pre_01.jpg|C:\Users\Administrator\Desktop\traffic_accident_project\frames\meta0713\00971\pre_event\00971_pre_02.jpg|C:\Users\Administrator\Desktop\traffic_accident_project\frames\meta0713\00971\pre_event\00971_pre_03.jpg|C:\Users\Administrator\Desktop\traffic_accident_project\frames\meta0713\00971\pre_event\00971_pre_04.jpg|C:\Users\Administrator\Desktop\traffic_accident_project\frames\meta0713\00971\pre_event\00971_pre_05.jpg,51|68|86|103|120,"A pre-crash dashcam traffic scene on a highway road, under dark light and clear weather, showing a same-direction left-front collision conflict.",same-direction left-front collision conflict,Dark,Clear,Highway,7
00687.avi,C:\Users\Administrator\Desktop\traffic_accident_project\frames\meta0713\00687\pre_event\00687_pre_01.jpg|C:\Users\Administrator\Desktop\traffic_accident_project\frames\meta0713\00687\pre_event\00687_pre_02.jpg|C:\Users\Administrator\Desktop\traffic_accident_project\frames\meta0713\00687\pre_event\00687_pre_03.jpg|C:\Users\Administrator\Desktop\traffic_accident_project\frames\meta0713\00687\pre_event\00687_pre_04.jpg|C:\Users\Administrator\Desktop\traffic_accident_project\frames\meta0713\00687\pre_event\00687_pre_05.jpg,61|76|90|105|120,"A pre-crash dashcam traffic scene on a urban road, under normal light and cloudy weather, showing a same-direction right-front collision conflict.",same-direction right-front collision conflict,Normal,Cloudy,Urban,5
00725.avi,C:\Users\Administrator\Desktop\traffic_accident_project\frames\meta0713\00725\pre_event\00725_pre_01.jpg|C:\Users\Administrator\Desktop\traffic_accident_project\frames\meta0713\00725\pre_event\00725_pre_02.jpg|C:\Users\Administrator\Desktop\traffic_accident_project\frames\meta0713\00725\pre_event\00725_pre_03.jpg|C:\Users\Administrator\Desktop\traffic_accident_project\frames\meta0713\00725\pre_event\00725_pre_04.jpg|C:\Users\Administrator\Desktop\traffic_accident_project\frames\meta0713\00725\pre_event\00725_pre_05.jpg,84|93|102|111|120,"A pre-crash dashcam traffic scene on a highway road, under normal light and clear weather, showing a same-direction center rear-end or forward collision conflict.",same-direction center rear-end or forward collision conflict,Normal,Clear,Highway,8
00360.avi,C:\Users\Administrator\Desktop\traffic_accident_project\frames\meta0713\00360\pre_event\00360_pre_01.jpg|C:\Users\Administrator\Desktop\traffic_accident_project\frames\meta0713\00360\pre_event\00360_pre_02.jpg|C:\Users\Administrator\Desktop\traffic_accident_project\frames\meta0713\00360\pre_event\00360_pre_03.jpg|C:\Users\Administrator\Desktop\traffic_accident_project\frames\meta0713\00360\pre_event\00360_pre_04.jpg|C:\Users\Administrator\Desktop\traffic_accident_project\frames\meta0713\00360\pre_event\00360_pre_05.jpg,116|117|118|119|120,"A pre-crash dashcam traffic scene on a urban road, under normal light and clear weather, showing a opposite-direction left-side collision conflict.",opposite-direction left-side collision conflict,Normal,Clear,Urban,2
00942.avi,C:\Users\Administrator\Desktop\traffic_accident_project\frames\meta0713\00942\pre_event\00942_pre_01.jpg|C:\Users\Administrator\Desktop\traffic_accident_project\frames\meta0713\00942\pre_event\00942_pre_02.jpg|C:\Users\Administrator\Desktop\traffic_accident_project\frames\meta0713\00942\pre_event\00942_pre_03.jpg|C:\Users\Administrator\Desktop\traffic_accident_project\frames\meta0713\00942\pre_event\00942_pre_04.jpg|C:\Users\Administrator\Desktop\traffic_accident_project\frames\meta0713\00942\pre_event\00942_pre_05.jpg,94|100|107|114|120,"A pre-crash dashcam traffic scene on a urban road, under normal light and clear weather, showing a same-direction right-front collision conflict.",same-direction right-front collision conflict,Normal,Clear,Urban,5
00233.avi,C:\Users\Administrator\Desktop\traffic_accident_project\frames\meta0713\00233\pre_event\00233_pre_01.jpg|C:\Users\Administrator\Desktop\traffic_accident_project\frames\meta0713\00233\pre_event\00233_pre_02.jpg|C:\Users\Administrator\Desktop\traffic_accident_project\frames\meta0713\00233\pre_event\00233_pre_03.jpg|C:\Users\Administrator\Desktop\traffic_accident_project\frames\meta0713\00233\pre_event\00233_pre_04.jpg|C:\Users\Administrator\Desktop\traffic_accident_project\frames\meta0713\00233\pre_event\00233_pre_05.jpg,83|92|102|111|120,"A pre-crash dashcam traffic scene on a urban road, under normal light and cloudy weather, showing a same-direction center rear-end or forward collision conflict.",same-direction center rear-end or forward collision conflict,Normal,Cloudy,Urban,8
00285.avi,C:\Users\Administrator\Desktop\traffic_accident_project\frames\meta0713\00285\pre_event\00285_pre_01.jpg|C:\Users\Administrator\Desktop\traffic_accident_project\frames\meta0713\00285\pre_event\00285_pre_02.jpg|C:\Users\Administrator\Desktop\traffic_accident_project\frames\meta0713\00285\pre_event\00285_pre_03.jpg|C:\Users\Administrator\Desktop\traffic_accident_project\frames\meta0713\00285\pre_event\00285_pre_04.jpg|C:\Users\Administrator\Desktop\traffic_accident_project\frames\meta0713\00285\pre_event\00285_pre_05.jpg,74|86|97|108|120,"A pre-crash dashcam traffic scene on a urban road, under normal light and clear weather, showing a same-direction center rear-end or forward collision conflict.",same-direction center rear-end or forward collision conflict,Normal,Clear,Urban,8
00905.avi,C:\Users\Administrator\Desktop\traffic_accident_project\frames\meta0713\00905\pre_event\00905_pre_01.jpg|C:\Users\Administrator\Desktop\traffic_accident_project\frames\meta0713\00905\pre_event\00905_pre_02.jpg|C:\Users\Administrator\Desktop\traffic_accident_project\frames\meta0713\00905\pre_event\00905_pre_03.jpg|C:\Users\Administrator\Desktop\traffic_accident_project\frames\meta0713\00905\pre_event\00905_pre_04.jpg|C:\Users\Administrator\Desktop\traffic_accident_project\frames\meta0713\00905\pre_event\00905_pre_05.jpg,66|80|93|106|120,"A pre-crash dashcam traffic scene on a industrial road, under normal light and clear weather, showing a opposite-direction left-side collision conflict.",opposite-direction left-side collision conflict,Normal,Clear,Industrial,2
00464.avi,C:\Users\Administrator\Desktop\traffic_accident_project\frames\meta0713\00464\pre_event\00464_pre_01.jpg|C:\Users\Administrator\Desktop\traffic_accident_project\frames\meta0713\00464\pre_event\00464_pre_02.jpg|C:\Users\Administrator\Desktop\traffic_accident_project\frames\meta0713\00464\pre_event\00464_pre_03.jpg|C:\Users\Administrator\Desktop\traffic_accident_project\frames\meta0713\00464\pre_event\00464_pre_04.jpg|C:\Users\Administrator\Desktop\traffic_accident_project\frames\meta0713\00464\pre_event\00464_pre_05.jpg,93|100|106|113|120,"A pre-crash dashcam traffic scene on a highway road, under normal light and cloudy weather, showing a same-direction left-front collision conflict.",same-direction left-front collision conflict,Normal,Cloudy,Highway,7
00787.avi,C:\Users\Administrator\Desktop\traffic_accident_project\frames\meta0713\00787\pre_event\00787_pre_01.jpg|C:\Users\Administrator\Desktop\traffic_accident_project\frames\meta0713\00787\pre_event\00787_pre_02.jpg|C:\Users\Administrator\Desktop\traffic_accident_project\frames\meta0713\00787\pre_event\00787_pre_03.jpg|C:\Users\Administrator\Desktop\traffic_accident_project\frames\meta0713\00787\pre_event\00787_pre_04.jpg|C:\Users\Administrator\Desktop\traffic_accident_project\frames\meta0713\00787\pre_event\00787_pre_05.jpg,75|86|98|109|120,"A pre-crash dashcam traffic scene on a urban road, under normal light and clear weather, showing a same-direction center rear-end or forward collision conflict.",same-direction center rear-end or forward collision conflict,Normal,Clear,Urban,8
00497.avi,C:\Users\Administrator\Desktop\traffic_accident_project\frames\meta0713\00497\pre_event\00497_pre_01.jpg|C:\Users\Administrator\Desktop\traffic_accident_project\frames\meta0713\00497\pre_event\00497_pre_02.jpg|C:\Users\Administrator\Desktop\traffic_accident_project\frames\meta0713\00497\pre_event\00497_pre_03.jpg|C:\Users\Administrator\Desktop\traffic_accident_project\frames\meta0713\00497\pre_event\00497_pre_04.jpg|C:\Users\Administrator\Desktop\traffic_accident_project\frames\meta0713\00497\pre_event\00497_pre_05.jpg,79|89|100|110|120,"A pre-crash dashcam traffic scene on a urban road, under normal light and clear weather, showing a same-direction right-rear collision conflict.",same-direction right-rear collision conflict,Normal,Clear,Urban,4
00792.avi,C:\Users\Administrator\Desktop\traffic_accident_project\frames\meta0713\00792\pre_event\00792_pre_01.jpg|C:\Users\Administrator\Desktop\traffic_accident_project\frames\meta0713\00792\pre_event\00792_pre_02.jpg|C:\Users\Administrator\Desktop\traffic_accident_project\frames\meta0713\00792\pre_event\00792_pre_03.jpg|C:\Users\Administrator\Desktop\traffic_accident_project\frames\meta0713\00792\pre_event\00792_pre_04.jpg|C:\Users\Administrator\Desktop\traffic_accident_project\frames\meta0713\00792\pre_event\00792_pre_05.jpg,56|72|88|104|120,"A pre-crash dashcam traffic scene on a sub-urban road, under normal light and cloudy weather, showing a same-direction center rear-end or forward collision conflict.",same-direction center rear-end or forward collision conflict,Normal,Cloudy,Sub-urban,8
00566.avi,C:\Users\Administrator\Desktop\traffic_accident_project\frames\meta0713\00566\pre_event\00566_pre_01.jpg|C:\Users\Administrator\Desktop\traffic_accident_project\frames\meta0713\00566\pre_event\00566_pre_02.jpg|C:\Users\Administrator\Desktop\traffic_accident_project\frames\meta0713\00566\pre_event\00566_pre_03.jpg|C:\Users\Administrator\Desktop\traffic_accident_project\frames\meta0713\00566\pre_event\00566_pre_04.jpg|C:\Users\Administrator\Desktop\traffic_accident_project\frames\meta0713\00566\pre_event\00566_pre_05.jpg,82|92|101|110|120,"A pre-crash dashcam traffic scene on a urban road, under normal light and clear weather, showing a same-direction right-front collision conflict.",same-direction right-front collision conflict,Normal,Clear,Urban,5
00996.avi,C:\Users\Administrator\Desktop\traffic_accident_project\frames\meta0713\00996\pre_event\00996_pre_01.jpg|C:\Users\Administrator\Desktop\traffic_accident_project\frames\meta0713\00996\pre_event\00996_pre_02.jpg|C:\Users\Administrator\Desktop\traffic_accident_project\frames\meta0713\00996\pre_event\00996_pre_03.jpg|C:\Users\Administrator\Desktop\traffic_accident_project\frames\meta0713\00996\pre_event\00996_pre_04.jpg|C:\Users\Administrator\Desktop\traffic_accident_project\frames\meta0713\00996\pre_event\00996_pre_05.jpg,50|68|85|102|120,"A pre-crash dashcam traffic scene on a urban road, under normal light and clear weather, showing a same-direction right-front collision conflict.",same-direction right-front collision conflict,Normal,Clear,Urban,5
00912.avi,C:\Users\Administrator\Desktop\traffic_accident_project\frames\meta0713\00912\pre_event\00912_pre_01.jpg|C:\Users\Administrator\Desktop\traffic_accident_project\frames\meta0713\00912\pre_event\00912_pre_02.jpg|C:\Users\Administrator\Desktop\traffic_accident_project\frames\meta0713\00912\pre_event\00912_pre_03.jpg|C:\Users\Administrator\Desktop\traffic_accident_project\frames\meta0713\00912\pre_event\00912_pre_04.jpg|C:\Users\Administrator\Desktop\traffic_accident_project\frames\meta0713\00912\pre_event\00912_pre_05.jpg,87|95|104|112|120,"A pre-crash dashcam traffic scene on a highway road, under normal light and clear weather, showing a same-direction center rear-end or forward collision conflict.",same-direction center rear-end or forward collision conflict,Normal,Clear,Highway,8
00169.avi,C:\Users\Administrator\Desktop\traffic_accident_project\frames\meta0713\00169\pre_event\00169_pre_01.jpg|C:\Users\Administrator\Desktop\traffic_accident_project\frames\meta0713\00169\pre_event\00169_pre_02.jpg|C:\Users\Administrator\Desktop\traffic_accident_project\frames\meta0713\00169\pre_event\00169_pre_03.jpg|C:\Users\Administrator\Desktop\traffic_accident_project\frames\meta0713\00169\pre_event\00169_pre_04.jpg|C:\Users\Administrator\Desktop\traffic_accident_project\frames\meta0713\00169\pre_event\00169_pre_05.jpg,85|94|102|111|120,"A pre-crash dashcam traffic scene on a urban road, under normal light and rain weather, showing a same-direction right-rear collision conflict.",same-direction right-rear collision conflict,Normal,Rain,Urban,4
00647.avi,C:\Users\Administrator\Desktop\traffic_accident_project\frames\meta0713\00647\pre_event\00647_pre_01.jpg|C:\Users\Administrator\Desktop\traffic_accident_project\frames\meta0713\00647\pre_event\00647_pre_02.jpg|C:\Users\Administrator\Desktop\traffic_accident_project\frames\meta0713\00647\pre_event\00647_pre_03.jpg|C:\Users\Administrator\Desktop\traffic_accident_project\frames\meta0713\00647\pre_event\00647_pre_04.jpg|C:\Users\Administrator\Desktop\traffic_accident_project\frames\meta0713\00647\pre_event\00647_pre_05.jpg,90|98|105|112|120,"A pre-crash dashcam traffic scene on a urban road, under normal light and cloudy weather, showing a same-direction right-front collision conflict.",same-direction right-front collision conflict,Normal,Cloudy,Urban,5
00521.avi,C:\Users\Administrator\Desktop\traffic_accident_project\frames\meta0713\00521\pre_event\00521_pre_01.jpg|C:\Users\Administrator\Desktop\traffic_accident_project\frames\meta0713\00521\pre_event\00521_pre_02.jpg|C:\Users\Administrator\Desktop\traffic_accident_project\frames\meta0713\00521\pre_event\00521_pre_03.jpg|C:\Users\Administrator\Desktop\traffic_accident_project\frames\meta0713\00521\pre_event\00521_pre_04.jpg|C:\Users\Administrator\Desktop\traffic_accident_project\frames\meta0713\00521\pre_event\00521_pre_05.jpg,70|82|95|108|120,"A pre-crash dashcam traffic scene on a urban road, under normal light and clear weather, showing a same-direction center rear-end or forward collision conflict.",same-direction center rear-end or forward collision conflict,Normal,Clear,Urban,8
00979.avi,C:\Users\Administrator\Desktop\traffic_accident_project\frames\meta0713\00979\pre_event\00979_pre_01.jpg|C:\Users\Administrator\Desktop\traffic_accident_project\frames\meta0713\00979\pre_event\00979_pre_02.jpg|C:\Users\Administrator\Desktop\traffic_accident_project\frames\meta0713\00979\pre_event\00979_pre_03.jpg|C:\Users\Administrator\Desktop\traffic_accident_project\frames\meta0713\00979\pre_event\00979_pre_04.jpg|C:\Users\Administrator\Desktop\traffic_accident_project\frames\meta0713\00979\pre_event\00979_pre_05.jpg,59|74|90|105|120,"A pre-crash dashcam traffic scene on a highway road, under twilight light and clear weather, showing a same-direction center rear-end or forward collision conflict.",same-direction center rear-end or forward collision conflict,Twilight,Clear,Highway,8
00850.avi,C:\Users\Administrator\Desktop\traffic_accident_project\frames\meta0713\00850\pre_event\00850_pre_01.jpg|C:\Users\Administrator\Desktop\traffic_accident_project\frames\meta0713\00850\pre_event\00850_pre_02.jpg|C:\Users\Administrator\Desktop\traffic_accident_project\frames\meta0713\00850\pre_event\00850_pre_03.jpg|C:\Users\Administrator\Desktop\traffic_accident_project\frames\meta0713\00850\pre_event\00850_pre_04.jpg|C:\Users\Administrator\Desktop\traffic_accident_project\frames\meta0713\00850\pre_event\00850_pre_05.jpg,53|70|86|103|120,"A pre-crash dashcam traffic scene on a sub-urban road, under normal light and cloudy weather, showing a opposite-direction right-side collision conflict.",opposite-direction right-side collision conflict,Normal,Cloudy,Sub-urban,1
00712.avi,C:\Users\Administrator\Desktop\traffic_accident_project\frames\meta0713\00712\pre_event\00712_pre_01.jpg|C:\Users\Administrator\Desktop\traffic_accident_project\frames\meta0713\00712\pre_event\00712_pre_02.jpg|C:\Users\Administrator\Desktop\traffic_accident_project\frames\meta0713\00712\pre_event\00712_pre_03.jpg|C:\Users\Administrator\Desktop\traffic_accident_project\frames\meta0713\00712\pre_event\00712_pre_04.jpg|C:\Users\Administrator\Desktop\traffic_accident_project\frames\meta0713\00712\pre_event\00712_pre_05.jpg,83|92|102|111|120,"A pre-crash dashcam traffic scene on a urban road, under twilight light and cloudy weather, showing a opposite-direction right-side collision conflict.",opposite-direction right-side collision conflict,Twilight,Cloudy,Urban,1
00952.avi,C:\Users\Administrator\Desktop\traffic_accident_project\frames\meta0713\00952\pre_event\00952_pre_01.jpg|C:\Users\Administrator\Desktop\traffic_accident_project\frames\meta0713\00952\pre_event\00952_pre_02.jpg|C:\Users\Administrator\Desktop\traffic_accident_project\frames\meta0713\00952\pre_event\00952_pre_03.jpg|C:\Users\Administrator\Desktop\traffic_accident_project\frames\meta0713\00952\pre_event\00952_pre_04.jpg|C:\Users\Administrator\Desktop\traffic_accident_project\frames\meta0713\00952\pre_event\00952_pre_05.jpg,95|101|108|114|120,"A pre-crash dashcam traffic scene on a highway road, under normal light and clear weather, showing a same-direction right-front collision conflict.",same-direction right-front collision conflict,Normal,Clear,Highway,5
00054.avi,C:\Users\Administrator\Desktop\traffic_accident_project\frames\meta0713\00054\pre_event\00054_pre_01.jpg|C:\Users\Administrator\Desktop\traffic_accident_project\frames\meta0713\00054\pre_event\00054_pre_02.jpg|C:\Users\Administrator\Desktop\traffic_accident_project\frames\meta0713\00054\pre_event\00054_pre_03.jpg|C:\Users\Administrator\Desktop\traffic_accident_project\frames\meta0713\00054\pre_event\00054_pre_04.jpg|C:\Users\Administrator\Desktop\traffic_accident_project\frames\meta0713\00054\pre_event\00054_pre_05.jpg,74|86|97|108|120,"A pre-crash dashcam traffic scene on a urban road, under twilight light and clear weather, showing a opposite-direction left-side collision conflict.",opposite-direction left-side collision conflict,Twilight,Clear,Urban,2
00003.avi,C:\Users\Administrator\Desktop\traffic_accident_project\frames\meta0713\00003\pre_event\00003_pre_01.jpg|C:\Users\Administrator\Desktop\traffic_accident_project\frames\meta0713\00003\pre_event\00003_pre_02.jpg|C:\Users\Administrator\Desktop\traffic_accident_project\frames\meta0713\00003\pre_event\00003_pre_03.jpg|C:\Users\Administrator\Desktop\traffic_accident_project\frames\meta0713\00003\pre_event\00003_pre_04.jpg|C:\Users\Administrator\Desktop\traffic_accident_project\frames\meta0713\00003\pre_event\00003_pre_05.jpg,50|68|85|102|120,"A pre-crash dashcam traffic scene on a highway road, under normal light and rain weather, showing a same-direction center rear-end or forward collision conflict.",same-direction center rear-end or forward collision conflict,Normal,Rain,Highway,8
00964.avi,C:\Users\Administrator\Desktop\traffic_accident_project\frames\meta0713\00964\pre_event\00964_pre_01.jpg|C:\Users\Administrator\Desktop\traffic_accident_project\frames\meta0713\00964\pre_event\00964_pre_02.jpg|C:\Users\Administrator\Desktop\traffic_accident_project\frames\meta0713\00964\pre_event\00964_pre_03.jpg|C:\Users\Administrator\Desktop\traffic_accident_project\frames\meta0713\00964\pre_event\00964_pre_04.jpg|C:\Users\Administrator\Desktop\traffic_accident_project\frames\meta0713\00964\pre_event\00964_pre_05.jpg,79|89|100|110|120,"A pre-crash dashcam traffic scene on a urban road, under normal light and cloudy weather, showing a same-direction right-front collision conflict.",same-direction right-front collision conflict,Normal,Cloudy,Urban,5
00542.avi,C:\Users\Administrator\Desktop\traffic_accident_project\frames\meta0713\00542\pre_event\00542_pre_01.jpg|C:\Users\Administrator\Desktop\traffic_accident_project\frames\meta0713\00542\pre_event\00542_pre_02.jpg|C:\Users\Administrator\Desktop\traffic_accident_project\frames\meta0713\00542\pre_event\00542_pre_03.jpg|C:\Users\Administrator\Desktop\traffic_accident_project\frames\meta0713\00542\pre_event\00542_pre_04.jpg|C:\Users\Administrator\Desktop\traffic_accident_project\frames\meta0713\00542\pre_event\00542_pre_05.jpg,36|57|78|99|120,"A pre-crash dashcam traffic scene on a other road, under normal light and clear weather, showing a opposite-direction left-side collision conflict.",opposite-direction left-side collision conflict,Normal,Clear,Other,2
00804.avi,C:\Users\Administrator\Desktop\traffic_accident_project\frames\meta0713\00804\pre_event\00804_pre_01.jpg|C:\Users\Administrator\Desktop\traffic_accident_project\frames\meta0713\00804\pre_event\00804_pre_02.jpg|C:\Users\Administrator\Desktop\traffic_accident_project\frames\meta0713\00804\pre_event\00804_pre_03.jpg|C:\Users\Administrator\Desktop\traffic_accident_project\frames\meta0713\00804\pre_event\00804_pre_04.jpg|C:\Users\Administrator\Desktop\traffic_accident_project\frames\meta0713\00804\pre_event\00804_pre_05.jpg,114|116|117|118|120,"A pre-crash dashcam traffic scene on a urban road, under normal light and clear weather, showing a same-direction left-front collision conflict.",same-direction left-front collision conflict,Normal,Clear,Urban,7
00696.avi,C:\Users\Administrator\Desktop\traffic_accident_project\frames\meta0713\00696\pre_event\00696_pre_01.jpg|C:\Users\Administrator\Desktop\traffic_accident_project\frames\meta0713\00696\pre_event\00696_pre_02.jpg|C:\Users\Administrator\Desktop\traffic_accident_project\frames\meta0713\00696\pre_event\00696_pre_03.jpg|C:\Users\Administrator\Desktop\traffic_accident_project\frames\meta0713\00696\pre_event\00696_pre_04.jpg|C:\Users\Administrator\Desktop\traffic_accident_project\frames\meta0713\00696\pre_event\00696_pre_05.jpg,29|52|74|97|120,"A pre-crash dashcam traffic scene on a urban road, under normal light and clear weather, showing a same-direction center rear-end or forward collision conflict.",same-direction center rear-end or forward collision conflict,Normal,Clear,Urban,8
00794.avi,C:\Users\Administrator\Desktop\traffic_accident_project\frames\meta0713\00794\pre_event\00794_pre_01.jpg|C:\Users\Administrator\Desktop\traffic_accident_project\frames\meta0713\00794\pre_event\00794_pre_02.jpg|C:\Users\Administrator\Desktop\traffic_accident_project\frames\meta0713\00794\pre_event\00794_pre_03.jpg|C:\Users\Administrator\Desktop\traffic_accident_project\frames\meta0713\00794\pre_event\00794_pre_04.jpg|C:\Users\Administrator\Desktop\traffic_accident_project\frames\meta0713\00794\pre_event\00794_pre_05.jpg,81|91|100|110|120,"A pre-crash dashcam traffic scene on a highway road, under normal light and clear weather, showing a same-direction left-front collision conflict.",same-direction left-front collision conflict,Normal,Clear,Highway,7
00328.avi,C:\Users\Administrator\Desktop\traffic_accident_project\frames\meta0713\00328\pre_event\00328_pre_01.jpg|C:\Users\Administrator\Desktop\traffic_accident_project\frames\meta0713\00328\pre_event\00328_pre_02.jpg|C:\Users\Administrator\Desktop\traffic_accident_project\frames\meta0713\00328\pre_event\00328_pre_03.jpg|C:\Users\Administrator\Desktop\traffic_accident_project\frames\meta0713\00328\pre_event\00328_pre_04.jpg|C:\Users\Administrator\Desktop\traffic_accident_project\frames\meta0713\00328\pre_event\00328_pre_05.jpg,97|103|108|114|120,"A pre-crash dashcam traffic scene on a urban road, under normal light and clear weather, showing a same-direction left-front collision conflict.",same-direction left-front collision conflict,Normal,Clear,Urban,7
00433.avi,C:\Users\Administrator\Desktop\traffic_accident_project\frames\meta0713\00433\pre_event\00433_pre_01.jpg|C:\Users\Administrator\Desktop\traffic_accident_project\frames\meta0713\00433\pre_event\00433_pre_02.jpg|C:\Users\Administrator\Desktop\traffic_accident_project\frames\meta0713\00433\pre_event\00433_pre_03.jpg|C:\Users\Administrator\Desktop\traffic_accident_project\frames\meta0713\00433\pre_event\00433_pre_04.jpg|C:\Users\Administrator\Desktop\traffic_accident_project\frames\meta0713\00433\pre_event\00433_pre_05.jpg,35|56|78|99|120,"A pre-crash dashcam traffic scene on a urban road, under normal light and cloudy weather, showing a same-direction right-front collision conflict.",same-direction right-front collision conflict,Normal,Cloudy,Urban,5
00625.avi,C:\Users\Administrator\Desktop\traffic_accident_project\frames\meta0713\00625\pre_event\00625_pre_01.jpg|C:\Users\Administrator\Desktop\traffic_accident_project\frames\meta0713\00625\pre_event\00625_pre_02.jpg|C:\Users\Administrator\Desktop\traffic_accident_project\frames\meta0713\00625\pre_event\00625_pre_03.jpg|C:\Users\Administrator\Desktop\traffic_accident_project\frames\meta0713\00625\pre_event\00625_pre_04.jpg|C:\Users\Administrator\Desktop\traffic_accident_project\frames\meta0713\00625\pre_event\00625_pre_05.jpg,79|89|100|110|120,"A pre-crash dashcam traffic scene on a urban road, under normal light and rain weather, showing a same-direction right-front collision conflict.",same-direction right-front collision conflict,Normal,Rain,Urban,5
00757.avi,C:\Users\Administrator\Desktop\traffic_accident_project\frames\meta0713\00757\pre_event\00757_pre_01.jpg|C:\Users\Administrator\Desktop\traffic_accident_project\frames\meta0713\00757\pre_event\00757_pre_02.jpg|C:\Users\Administrator\Desktop\traffic_accident_project\frames\meta0713\00757\pre_event\00757_pre_03.jpg|C:\Users\Administrator\Desktop\traffic_accident_project\frames\meta0713\00757\pre_event\00757_pre_04.jpg|C:\Users\Administrator\Desktop\traffic_accident_project\frames\meta0713\00757\pre_event\00757_pre_05.jpg,46|64|83|102|120,"A pre-crash dashcam traffic scene on a urban road, under twilight light and clear weather, showing a same-direction right-front collision conflict.",same-direction right-front collision conflict,Twilight,Clear,Urban,5
00574.avi,C:\Users\Administrator\Desktop\traffic_accident_project\frames\meta0713\00574\pre_event\00574_pre_01.jpg|C:\Users\Administrator\Desktop\traffic_accident_project\frames\meta0713\00574\pre_event\00574_pre_02.jpg|C:\Users\Administrator\Desktop\traffic_accident_project\frames\meta0713\00574\pre_event\00574_pre_03.jpg|C:\Users\Administrator\Desktop\traffic_accident_project\frames\meta0713\00574\pre_event\00574_pre_04.jpg|C:\Users\Administrator\Desktop\traffic_accident_project\frames\meta0713\00574\pre_event\00574_pre_05.jpg,49|67|84|102|120,"A pre-crash dashcam traffic scene on a highway road, under normal light and cloudy weather, showing a same-direction right-front collision conflict.",same-direction right-front collision conflict,Normal,Cloudy,Highway,5
00750.avi,C:\Users\Administrator\Desktop\traffic_accident_project\frames\meta0713\00750\pre_event\00750_pre_01.jpg|C:\Users\Administrator\Desktop\traffic_accident_project\frames\meta0713\00750\pre_event\00750_pre_02.jpg|C:\Users\Administrator\Desktop\traffic_accident_project\frames\meta0713\00750\pre_event\00750_pre_03.jpg|C:\Users\Administrator\Desktop\traffic_accident_project\frames\meta0713\00750\pre_event\00750_pre_04.jpg|C:\Users\Administrator\Desktop\traffic_accident_project\frames\meta0713\00750\pre_event\00750_pre_05.jpg,73|85|96|108|120,"A pre-crash dashcam traffic scene on a other road, under normal light and clear weather, showing a same-direction right-front collision conflict.",same-direction right-front collision conflict,Normal,Clear,Other,5
00613.avi,C:\Users\Administrator\Desktop\traffic_accident_project\frames\meta0713\00613\pre_event\00613_pre_01.jpg|C:\Users\Administrator\Desktop\traffic_accident_project\frames\meta0713\00613\pre_event\00613_pre_02.jpg|C:\Users\Administrator\Desktop\traffic_accident_project\frames\meta0713\00613\pre_event\00613_pre_03.jpg|C:\Users\Administrator\Desktop\traffic_accident_project\frames\meta0713\00613\pre_event\00613_pre_04.jpg|C:\Users\Administrator\Desktop\traffic_accident_project\frames\meta0713\00613\pre_event\00613_pre_05.jpg,75|86|98|109|120,"A pre-crash dashcam traffic scene on a urban road, under normal light and cloudy weather, showing a opposite-direction right-side collision conflict.",opposite-direction right-side collision conflict,Normal,Cloudy,Urban,1
00481.avi,C:\Users\Administrator\Desktop\traffic_accident_project\frames\meta0713\00481\pre_event\00481_pre_01.jpg|C:\Users\Administrator\Desktop\traffic_accident_project\frames\meta0713\00481\pre_event\00481_pre_02.jpg|C:\Users\Administrator\Desktop\traffic_accident_project\frames\meta0713\00481\pre_event\00481_pre_03.jpg|C:\Users\Administrator\Desktop\traffic_accident_project\frames\meta0713\00481\pre_event\00481_pre_04.jpg|C:\Users\Administrator\Desktop\traffic_accident_project\frames\meta0713\00481\pre_event\00481_pre_05.jpg,101|106|110|115|120,"A pre-crash dashcam traffic scene on a urban road, under normal light and cloudy weather, showing a opposite-direction right-side collision conflict.",opposite-direction right-side collision conflict,Normal,Cloudy,Urban,1
00415.avi,C:\Users\Administrator\Desktop\traffic_accident_project\frames\meta0713\00415\pre_event\00415_pre_01.jpg|C:\Users\Administrator\Desktop\traffic_accident_project\frames\meta0713\00415\pre_event\00415_pre_02.jpg|C:\Users\Administrator\Desktop\traffic_accident_project\frames\meta0713\00415\pre_event\00415_pre_03.jpg|C:\Users\Administrator\Desktop\traffic_accident_project\frames\meta0713\00415\pre_event\00415_pre_04.jpg|C:\Users\Administrator\Desktop\traffic_accident_project\frames\meta0713\00415\pre_event\00415_pre_05.jpg,80|90|100|110|120,"A pre-crash dashcam traffic scene on a urban road, under normal light and cloudy weather, showing a same-direction left-front collision conflict.",same-direction left-front collision conflict,Normal,Cloudy,Urban,7
00114.avi,C:\Users\Administrator\Desktop\traffic_accident_project\frames\meta0713\00114\pre_event\00114_pre_01.jpg|C:\Users\Administrator\Desktop\traffic_accident_project\frames\meta0713\00114\pre_event\00114_pre_02.jpg|C:\Users\Administrator\Desktop\traffic_accident_project\frames\meta0713\00114\pre_event\00114_pre_03.jpg|C:\Users\Administrator\Desktop\traffic_accident_project\frames\meta0713\00114\pre_event\00114_pre_04.jpg|C:\Users\Administrator\Desktop\traffic_accident_project\frames\meta0713\00114\pre_event\00114_pre_05.jpg,71|83|96|108|120,"A pre-crash dashcam traffic scene on a urban road, under normal light and rain weather, showing a opposite-direction right-side collision conflict.",opposite-direction right-side collision conflict,Normal,Rain,Urban,1
00930.avi,C:\Users\Administrator\Desktop\traffic_accident_project\frames\meta0713\00930\pre_event\00930_pre_01.jpg|C:\Users\Administrator\Desktop\traffic_accident_project\frames\meta0713\00930\pre_event\00930_pre_02.jpg|C:\Users\Administrator\Desktop\traffic_accident_project\frames\meta0713\00930\pre_event\00930_pre_03.jpg|C:\Users\Administrator\Desktop\traffic_accident_project\frames\meta0713\00930\pre_event\00930_pre_04.jpg|C:\Users\Administrator\Desktop\traffic_accident_project\frames\meta0713\00930\pre_event\00930_pre_05.jpg,53|70|86|103|120,"A pre-crash dashcam traffic scene on a urban road, under normal light and clear weather, showing a same-direction left-front collision conflict.",same-direction left-front collision conflict,Normal,Clear,Urban,7
00162.avi,C:\Users\Administrator\Desktop\traffic_accident_project\frames\meta0713\00162\pre_event\00162_pre_01.jpg|C:\Users\Administrator\Desktop\traffic_accident_project\frames\meta0713\00162\pre_event\00162_pre_02.jpg|C:\Users\Administrator\Desktop\traffic_accident_project\frames\meta0713\00162\pre_event\00162_pre_03.jpg|C:\Users\Administrator\Desktop\traffic_accident_project\frames\meta0713\00162\pre_event\00162_pre_04.jpg|C:\Users\Administrator\Desktop\traffic_accident_project\frames\meta0713\00162\pre_event\00162_pre_05.jpg,116|117|118|119|120,"A pre-crash dashcam traffic scene on a urban road, under normal light and clear weather, showing a same-direction right-front collision conflict.",same-direction right-front collision conflict,Normal,Clear,Urban,5
00592.avi,C:\Users\Administrator\Desktop\traffic_accident_project\frames\meta0713\00592\pre_event\00592_pre_01.jpg|C:\Users\Administrator\Desktop\traffic_accident_project\frames\meta0713\00592\pre_event\00592_pre_02.jpg|C:\Users\Administrator\Desktop\traffic_accident_project\frames\meta0713\00592\pre_event\00592_pre_03.jpg|C:\Users\Administrator\Desktop\traffic_accident_project\frames\meta0713\00592\pre_event\00592_pre_04.jpg|C:\Users\Administrator\Desktop\traffic_accident_project\frames\meta0713\00592\pre_event\00592_pre_05.jpg,93|100|106|113|120,"A pre-crash dashcam traffic scene on a urban road, under normal light and clear weather, showing a same-direction right-rear collision conflict.",same-direction right-rear collision conflict,Normal,Clear,Urban,4
00780.avi,C:\Users\Administrator\Desktop\traffic_accident_project\frames\meta0713\00780\pre_event\00780_pre_01.jpg|C:\Users\Administrator\Desktop\traffic_accident_project\frames\meta0713\00780\pre_event\00780_pre_02.jpg|C:\Users\Administrator\Desktop\traffic_accident_project\frames\meta0713\00780\pre_event\00780_pre_03.jpg|C:\Users\Administrator\Desktop\traffic_accident_project\frames\meta0713\00780\pre_event\00780_pre_04.jpg|C:\Users\Administrator\Desktop\traffic_accident_project\frames\meta0713\00780\pre_event\00780_pre_05.jpg,27|50|74|97|120,"A pre-crash dashcam traffic scene on a highway road, under normal light and cloudy weather, showing a same-direction right-front collision conflict.",same-direction right-front collision conflict,Normal,Cloudy,Highway,5
00200.avi,C:\Users\Administrator\Desktop\traffic_accident_project\frames\meta0713\00200\pre_event\00200_pre_01.jpg|C:\Users\Administrator\Desktop\traffic_accident_project\frames\meta0713\00200\pre_event\00200_pre_02.jpg|C:\Users\Administrator\Desktop\traffic_accident_project\frames\meta0713\00200\pre_event\00200_pre_03.jpg|C:\Users\Administrator\Desktop\traffic_accident_project\frames\meta0713\00200\pre_event\00200_pre_04.jpg|C:\Users\Administrator\Desktop\traffic_accident_project\frames\meta0713\00200\pre_event\00200_pre_05.jpg,61|76|90|105|120,"A pre-crash dashcam traffic scene on a urban road, under normal light and clear weather, showing a same-direction left-front collision conflict.",same-direction left-front collision conflict,Normal,Clear,Urban,7
00356.avi,C:\Users\Administrator\Desktop\traffic_accident_project\frames\meta0713\00356\pre_event\00356_pre_01.jpg|C:\Users\Administrator\Desktop\traffic_accident_project\frames\meta0713\00356\pre_event\00356_pre_02.jpg|C:\Users\Administrator\Desktop\traffic_accident_project\frames\meta0713\00356\pre_event\00356_pre_03.jpg|C:\Users\Administrator\Desktop\traffic_accident_project\frames\meta0713\00356\pre_event\00356_pre_04.jpg|C:\Users\Administrator\Desktop\traffic_accident_project\frames\meta0713\00356\pre_event\00356_pre_05.jpg,84|93|102|111|120,"A pre-crash dashcam traffic scene on a sub-urban road, under normal light and clear weather, showing a opposite-direction frontal center collision conflict.",opposite-direction frontal center collision conflict,Normal,Clear,Sub-urban,3
00362.avi,C:\Users\Administrator\Desktop\traffic_accident_project\frames\meta0713\00362\pre_event\00362_pre_01.jpg|C:\Users\Administrator\Desktop\traffic_accident_project\frames\meta0713\00362\pre_event\00362_pre_02.jpg|C:\Users\Administrator\Desktop\traffic_accident_project\frames\meta0713\00362\pre_event\00362_pre_03.jpg|C:\Users\Administrator\Desktop\traffic_accident_project\frames\meta0713\00362\pre_event\00362_pre_04.jpg|C:\Users\Administrator\Desktop\traffic_accident_project\frames\meta0713\00362\pre_event\00362_pre_05.jpg,64|78|92|106|120,"A pre-crash dashcam traffic scene on a highway road, under normal light and rain weather, showing a same-direction center rear-end or forward collision conflict.",same-direction center rear-end or forward collision conflict,Normal,Rain,Highway,8
00659.avi,C:\Users\Administrator\Desktop\traffic_accident_project\frames\meta0713\00659\pre_event\00659_pre_01.jpg|C:\Users\Administrator\Desktop\traffic_accident_project\frames\meta0713\00659\pre_event\00659_pre_02.jpg|C:\Users\Administrator\Desktop\traffic_accident_project\frames\meta0713\00659\pre_event\00659_pre_03.jpg|C:\Users\Administrator\Desktop\traffic_accident_project\frames\meta0713\00659\pre_event\00659_pre_04.jpg|C:\Users\Administrator\Desktop\traffic_accident_project\frames\meta0713\00659\pre_event\00659_pre_05.jpg,91|98|106|113|120,"A pre-crash dashcam traffic scene on a other road, under normal light and cloudy weather, showing a opposite-direction right-side collision conflict.",opposite-direction right-side collision conflict,Normal,Cloudy,Other,1
00945.avi,C:\Users\Administrator\Desktop\traffic_accident_project\frames\meta0713\00945\pre_event\00945_pre_01.jpg|C:\Users\Administrator\Desktop\traffic_accident_project\frames\meta0713\00945\pre_event\00945_pre_02.jpg|C:\Users\Administrator\Desktop\traffic_accident_project\frames\meta0713\00945\pre_event\00945_pre_03.jpg|C:\Users\Administrator\Desktop\traffic_accident_project\frames\meta0713\00945\pre_event\00945_pre_04.jpg|C:\Users\Administrator\Desktop\traffic_accident_project\frames\meta0713\00945\pre_event\00945_pre_05.jpg,94|100|107|114|120,"A pre-crash dashcam traffic scene on a highway road, under normal light and cloudy weather, showing a same-direction right-front collision conflict.",same-direction right-front collision conflict,Normal,Cloudy,Highway,5
00888.avi,C:\Users\Administrator\Desktop\traffic_accident_project\frames\meta0713\00888\pre_event\00888_pre_01.jpg|C:\Users\Administrator\Desktop\traffic_accident_project\frames\meta0713\00888\pre_event\00888_pre_02.jpg|C:\Users\Administrator\Desktop\traffic_accident_project\frames\meta0713\00888\pre_event\00888_pre_03.jpg|C:\Users\Administrator\Desktop\traffic_accident_project\frames\meta0713\00888\pre_event\00888_pre_04.jpg|C:\Users\Administrator\Desktop\traffic_accident_project\frames\meta0713\00888\pre_event\00888_pre_05.jpg,86|94|103|112|120,"A pre-crash dashcam traffic scene on a highway road, under normal light and clear weather, showing a same-direction right-front collision conflict.",same-direction right-front collision conflict,Normal,Clear,Highway,5
00353.avi,C:\Users\Administrator\Desktop\traffic_accident_project\frames\meta0713\00353\pre_event\00353_pre_01.jpg|C:\Users\Administrator\Desktop\traffic_accident_project\frames\meta0713\00353\pre_event\00353_pre_02.jpg|C:\Users\Administrator\Desktop\traffic_accident_project\frames\meta0713\00353\pre_event\00353_pre_03.jpg|C:\Users\Administrator\Desktop\traffic_accident_project\frames\meta0713\00353\pre_event\00353_pre_04.jpg|C:\Users\Administrator\Desktop\traffic_accident_project\frames\meta0713\00353\pre_event\00353_pre_05.jpg,113|115|116|118|120,"A pre-crash dashcam traffic scene on a urban road, under twilight light and cloudy weather, showing a same-direction left-rear collision conflict.",same-direction left-rear collision conflict,Twilight,Cloudy,Urban,6
01008.avi,C:\Users\Administrator\Desktop\traffic_accident_project\frames\meta0713\01008\pre_event\01008_pre_01.jpg|C:\Users\Administrator\Desktop\traffic_accident_project\frames\meta0713\01008\pre_event\01008_pre_02.jpg|C:\Users\Administrator\Desktop\traffic_accident_project\frames\meta0713\01008\pre_event\01008_pre_03.jpg|C:\Users\Administrator\Desktop\traffic_accident_project\frames\meta0713\01008\pre_event\01008_pre_04.jpg|C:\Users\Administrator\Desktop\traffic_accident_project\frames\meta0713\01008\pre_event\01008_pre_05.jpg,43|62|82|101|120,"A pre-crash dashcam traffic scene on a urban road, under normal light and clear weather, showing a same-direction left-front collision conflict.",same-direction left-front collision conflict,Normal,Clear,Urban,7
00879.avi,C:\Users\Administrator\Desktop\traffic_accident_project\frames\meta0713\00879\pre_event\00879_pre_01.jpg|C:\Users\Administrator\Desktop\traffic_accident_project\frames\meta0713\00879\pre_event\00879_pre_02.jpg|C:\Users\Administrator\Desktop\traffic_accident_project\frames\meta0713\00879\pre_event\00879_pre_03.jpg|C:\Users\Administrator\Desktop\traffic_accident_project\frames\meta0713\00879\pre_event\00879_pre_04.jpg|C:\Users\Administrator\Desktop\traffic_accident_project\frames\meta0713\00879\pre_event\00879_pre_05.jpg,29|52|74|97|120,"A pre-crash dashcam traffic scene on a urban road, under normal light and cloudy weather, showing a same-direction right-front collision conflict.",same-direction right-front collision conflict,Normal,Cloudy,Urban,5
00733.avi,C:\Users\Administrator\Desktop\traffic_accident_project\frames\meta0713\00733\pre_event\00733_pre_01.jpg|C:\Users\Administrator\Desktop\traffic_accident_project\frames\meta0713\00733\pre_event\00733_pre_02.jpg|C:\Users\Administrator\Desktop\traffic_accident_project\frames\meta0713\00733\pre_event\00733_pre_03.jpg|C:\Users\Administrator\Desktop\traffic_accident_project\frames\meta0713\00733\pre_event\00733_pre_04.jpg|C:\Users\Administrator\Desktop\traffic_accident_project\frames\meta0713\00733\pre_event\00733_pre_05.jpg,6|34|63|92|120,"A pre-crash dashcam traffic scene on a highway road, under normal light and clear weather, showing a same-direction right-front collision conflict.",same-direction right-front collision conflict,Normal,Clear,Highway,5
00896.avi,C:\Users\Administrator\Desktop\traffic_accident_project\frames\meta0713\00896\pre_event\00896_pre_01.jpg|C:\Users\Administrator\Desktop\traffic_accident_project\frames\meta0713\00896\pre_event\00896_pre_02.jpg|C:\Users\Administrator\Desktop\traffic_accident_project\frames\meta0713\00896\pre_event\00896_pre_03.jpg|C:\Users\Administrator\Desktop\traffic_accident_project\frames\meta0713\00896\pre_event\00896_pre_04.jpg|C:\Users\Administrator\Desktop\traffic_accident_project\frames\meta0713\00896\pre_event\00896_pre_05.jpg,81|91|100|110|120,"A pre-crash dashcam traffic scene on a other road, under normal light and clear weather, showing a opposite-direction right-side collision conflict.",opposite-direction right-side collision conflict,Normal,Clear,Other,1
00684.avi,C:\Users\Administrator\Desktop\traffic_accident_project\frames\meta0713\00684\pre_event\00684_pre_01.jpg|C:\Users\Administrator\Desktop\traffic_accident_project\frames\meta0713\00684\pre_event\00684_pre_02.jpg|C:\Users\Administrator\Desktop\traffic_accident_project\frames\meta0713\00684\pre_event\00684_pre_03.jpg|C:\Users\Administrator\Desktop\traffic_accident_project\frames\meta0713\00684\pre_event\00684_pre_04.jpg|C:\Users\Administrator\Desktop\traffic_accident_project\frames\meta0713\00684\pre_event\00684_pre_05.jpg,91|98|106|113|120,"A pre-crash dashcam traffic scene on a urban road, under normal light and rain weather, showing a same-direction left-front collision conflict.",same-direction left-front collision conflict,Normal,Rain,Urban,7
00544.avi,C:\Users\Administrator\Desktop\traffic_accident_project\frames\meta0713\00544\pre_event\00544_pre_01.jpg|C:\Users\Administrator\Desktop\traffic_accident_project\frames\meta0713\00544\pre_event\00544_pre_02.jpg|C:\Users\Administrator\Desktop\traffic_accident_project\frames\meta0713\00544\pre_event\00544_pre_03.jpg|C:\Users\Administrator\Desktop\traffic_accident_project\frames\meta0713\00544\pre_event\00544_pre_04.jpg|C:\Users\Administrator\Desktop\traffic_accident_project\frames\meta0713\00544\pre_event\00544_pre_05.jpg,87|95|104|112|120,"A pre-crash dashcam traffic scene on a rural road, under normal light and clear weather, showing a same-direction center rear-end or forward collision conflict.",same-direction center rear-end or forward collision conflict,Normal,Clear,Rural,8
00170.avi,C:\Users\Administrator\Desktop\traffic_accident_project\frames\meta0713\00170\pre_event\00170_pre_01.jpg|C:\Users\Administrator\Desktop\traffic_accident_project\frames\meta0713\00170\pre_event\00170_pre_02.jpg|C:\Users\Administrator\Desktop\traffic_accident_project\frames\meta0713\00170\pre_event\00170_pre_03.jpg|C:\Users\Administrator\Desktop\traffic_accident_project\frames\meta0713\00170\pre_event\00170_pre_04.jpg|C:\Users\Administrator\Desktop\traffic_accident_project\frames\meta0713\00170\pre_event\00170_pre_05.jpg,87|95|104|112|120,"A pre-crash dashcam traffic scene on a urban road, under normal light and clear weather, showing a same-direction left-front collision conflict.",same-direction left-front collision conflict,Normal,Clear,Urban,7
00648.avi,C:\Users\Administrator\Desktop\traffic_accident_project\frames\meta0713\00648\pre_event\00648_pre_01.jpg|C:\Users\Administrator\Desktop\traffic_accident_project\frames\meta0713\00648\pre_event\00648_pre_02.jpg|C:\Users\Administrator\Desktop\traffic_accident_project\frames\meta0713\00648\pre_event\00648_pre_03.jpg|C:\Users\Administrator\Desktop\traffic_accident_project\frames\meta0713\00648\pre_event\00648_pre_04.jpg|C:\Users\Administrator\Desktop\traffic_accident_project\frames\meta0713\00648\pre_event\00648_pre_05.jpg,21|46|70|95|120,"A pre-crash dashcam traffic scene on a highway road, under normal light and clear weather, showing a same-direction center rear-end or forward collision conflict.",same-direction center rear-end or forward collision conflict,Normal,Clear,Highway,8
00989.avi,C:\Users\Administrator\Desktop\traffic_accident_project\frames\meta0713\00989\pre_event\00989_pre_01.jpg|C:\Users\Administrator\Desktop\traffic_accident_project\frames\meta0713\00989\pre_event\00989_pre_02.jpg|C:\Users\Administrator\Desktop\traffic_accident_project\frames\meta0713\00989\pre_event\00989_pre_03.jpg|C:\Users\Administrator\Desktop\traffic_accident_project\frames\meta0713\00989\pre_event\00989_pre_04.jpg|C:\Users\Administrator\Desktop\traffic_accident_project\frames\meta0713\00989\pre_event\00989_pre_05.jpg,48|66|84|102|120,"A pre-crash dashcam traffic scene on a highway road, under normal light and cloudy weather, showing a same-direction right-front collision conflict.",same-direction right-front collision conflict,Normal,Cloudy,Highway,5
00610.avi,C:\Users\Administrator\Desktop\traffic_accident_project\frames\meta0713\00610\pre_event\00610_pre_01.jpg|C:\Users\Administrator\Desktop\traffic_accident_project\frames\meta0713\00610\pre_event\00610_pre_02.jpg|C:\Users\Administrator\Desktop\traffic_accident_project\frames\meta0713\00610\pre_event\00610_pre_03.jpg|C:\Users\Administrator\Desktop\traffic_accident_project\frames\meta0713\00610\pre_event\00610_pre_04.jpg|C:\Users\Administrator\Desktop\traffic_accident_project\frames\meta0713\00610\pre_event\00610_pre_05.jpg,42|62|81|100|120,"A pre-crash dashcam traffic scene on a urban road, under normal light and clear weather, showing a same-direction right-front collision conflict.",same-direction right-front collision conflict,Normal,Clear,Urban,5
00236.avi,C:\Users\Administrator\Desktop\traffic_accident_project\frames\meta0713\00236\pre_event\00236_pre_01.jpg|C:\Users\Administrator\Desktop\traffic_accident_project\frames\meta0713\00236\pre_event\00236_pre_02.jpg|C:\Users\Administrator\Desktop\traffic_accident_project\frames\meta0713\00236\pre_event\00236_pre_03.jpg|C:\Users\Administrator\Desktop\traffic_accident_project\frames\meta0713\00236\pre_event\00236_pre_04.jpg|C:\Users\Administrator\Desktop\traffic_accident_project\frames\meta0713\00236\pre_event\00236_pre_05.jpg,99|104|110|115|120,"A pre-crash dashcam traffic scene on a highway road, under dark light and clear weather, showing a same-direction center rear-end or forward collision conflict.",same-direction center rear-end or forward collision conflict,Dark,Clear,Highway,8
00510.avi,C:\Users\Administrator\Desktop\traffic_accident_project\frames\meta0713\00510\pre_event\00510_pre_01.jpg|C:\Users\Administrator\Desktop\traffic_accident_project\frames\meta0713\00510\pre_event\00510_pre_02.jpg|C:\Users\Administrator\Desktop\traffic_accident_project\frames\meta0713\00510\pre_event\00510_pre_03.jpg|C:\Users\Administrator\Desktop\traffic_accident_project\frames\meta0713\00510\pre_event\00510_pre_04.jpg|C:\Users\Administrator\Desktop\traffic_accident_project\frames\meta0713\00510\pre_event\00510_pre_05.jpg,87|95|104|112|120,"A pre-crash dashcam traffic scene on a urban road, under normal light and rain weather, showing a same-direction right-front collision conflict.",same-direction right-front collision conflict,Normal,Rain,Urban,5
00086.avi,C:\Users\Administrator\Desktop\traffic_accident_project\frames\meta0713\00086\pre_event\00086_pre_01.jpg|C:\Users\Administrator\Desktop\traffic_accident_project\frames\meta0713\00086\pre_event\00086_pre_02.jpg|C:\Users\Administrator\Desktop\traffic_accident_project\frames\meta0713\00086\pre_event\00086_pre_03.jpg|C:\Users\Administrator\Desktop\traffic_accident_project\frames\meta0713\00086\pre_event\00086_pre_04.jpg|C:\Users\Administrator\Desktop\traffic_accident_project\frames\meta0713\00086\pre_event\00086_pre_05.jpg,15|41|68|94|120,"A pre-crash dashcam traffic scene on a highway road, under normal light and cloudy weather, showing a same-direction center rear-end or forward collision conflict.",same-direction center rear-end or forward collision conflict,Normal,Cloudy,Highway,8
00326.avi,C:\Users\Administrator\Desktop\traffic_accident_project\frames\meta0713\00326\pre_event\00326_pre_01.jpg|C:\Users\Administrator\Desktop\traffic_accident_project\frames\meta0713\00326\pre_event\00326_pre_02.jpg|C:\Users\Administrator\Desktop\traffic_accident_project\frames\meta0713\00326\pre_event\00326_pre_03.jpg|C:\Users\Administrator\Desktop\traffic_accident_project\frames\meta0713\00326\pre_event\00326_pre_04.jpg|C:\Users\Administrator\Desktop\traffic_accident_project\frames\meta0713\00326\pre_event\00326_pre_05.jpg,112|114|116|118|120,"A pre-crash dashcam traffic scene on a urban road, under normal light and clear weather, showing a same-direction left-rear collision conflict.",same-direction left-rear collision conflict,Normal,Clear,Urban,6
00218.avi,C:\Users\Administrator\Desktop\traffic_accident_project\frames\meta0713\00218\pre_event\00218_pre_01.jpg|C:\Users\Administrator\Desktop\traffic_accident_project\frames\meta0713\00218\pre_event\00218_pre_02.jpg|C:\Users\Administrator\Desktop\traffic_accident_project\frames\meta0713\00218\pre_event\00218_pre_03.jpg|C:\Users\Administrator\Desktop\traffic_accident_project\frames\meta0713\00218\pre_event\00218_pre_04.jpg|C:\Users\Administrator\Desktop\traffic_accident_project\frames\meta0713\00218\pre_event\00218_pre_05.jpg,109|112|114|117|120,"A pre-crash dashcam traffic scene on a urban road, under normal light and rain weather, showing a same-direction left-rear collision conflict.",same-direction left-rear collision conflict,Normal,Rain,Urban,6
00389.avi,C:\Users\Administrator\Desktop\traffic_accident_project\frames\meta0713\00389\pre_event\00389_pre_01.jpg|C:\Users\Administrator\Desktop\traffic_accident_project\frames\meta0713\00389\pre_event\00389_pre_02.jpg|C:\Users\Administrator\Desktop\traffic_accident_project\frames\meta0713\00389\pre_event\00389_pre_03.jpg|C:\Users\Administrator\Desktop\traffic_accident_project\frames\meta0713\00389\pre_event\00389_pre_04.jpg|C:\Users\Administrator\Desktop\traffic_accident_project\frames\meta0713\00389\pre_event\00389_pre_05.jpg,111|113|116|118|120,"A pre-crash dashcam traffic scene on a urban road, under normal light and cloudy weather, showing a same-direction left-rear collision conflict.",same-direction left-rear collision conflict,Normal,Cloudy,Urban,6
00420.avi,C:\Users\Administrator\Desktop\traffic_accident_project\frames\meta0713\00420\pre_event\00420_pre_01.jpg|C:\Users\Administrator\Desktop\traffic_accident_project\frames\meta0713\00420\pre_event\00420_pre_02.jpg|C:\Users\Administrator\Desktop\traffic_accident_project\frames\meta0713\00420\pre_event\00420_pre_03.jpg|C:\Users\Administrator\Desktop\traffic_accident_project\frames\meta0713\00420\pre_event\00420_pre_04.jpg|C:\Users\Administrator\Desktop\traffic_accident_project\frames\meta0713\00420\pre_event\00420_pre_05.jpg,116|117|118|119|120,"A pre-crash dashcam traffic scene on a urban road, under normal light and cloudy weather, showing a opposite-direction right-side collision conflict.",opposite-direction right-side collision conflict,Normal,Cloudy,Urban,1
00332.avi,C:\Users\Administrator\Desktop\traffic_accident_project\frames\meta0713\00332\pre_event\00332_pre_01.jpg|C:\Users\Administrator\Desktop\traffic_accident_project\frames\meta0713\00332\pre_event\00332_pre_02.jpg|C:\Users\Administrator\Desktop\traffic_accident_project\frames\meta0713\00332\pre_event\00332_pre_03.jpg|C:\Users\Administrator\Desktop\traffic_accident_project\frames\meta0713\00332\pre_event\00332_pre_04.jpg|C:\Users\Administrator\Desktop\traffic_accident_project\frames\meta0713\00332\pre_event\00332_pre_05.jpg,105|109|112|116|120,"A pre-crash dashcam traffic scene on a urban road, under normal light and clear weather, showing a opposite-direction frontal center collision conflict.",opposite-direction frontal center collision conflict,Normal,Clear,Urban,3
00157.avi,C:\Users\Administrator\Desktop\traffic_accident_project\frames\meta0713\00157\pre_event\00157_pre_01.jpg|C:\Users\Administrator\Desktop\traffic_accident_project\frames\meta0713\00157\pre_event\00157_pre_02.jpg|C:\Users\Administrator\Desktop\traffic_accident_project\frames\meta0713\00157\pre_event\00157_pre_03.jpg|C:\Users\Administrator\Desktop\traffic_accident_project\frames\meta0713\00157\pre_event\00157_pre_04.jpg|C:\Users\Administrator\Desktop\traffic_accident_project\frames\meta0713\00157\pre_event\00157_pre_05.jpg,68|81|94|107|120,"A pre-crash dashcam traffic scene on a urban road, under normal light and cloudy weather, showing a same-direction right-front collision conflict.",same-direction right-front collision conflict,Normal,Cloudy,Urban,5
00550.avi,C:\Users\Administrator\Desktop\traffic_accident_project\frames\meta0713\00550\pre_event\00550_pre_01.jpg|C:\Users\Administrator\Desktop\traffic_accident_project\frames\meta0713\00550\pre_event\00550_pre_02.jpg|C:\Users\Administrator\Desktop\traffic_accident_project\frames\meta0713\00550\pre_event\00550_pre_03.jpg|C:\Users\Administrator\Desktop\traffic_accident_project\frames\meta0713\00550\pre_event\00550_pre_04.jpg|C:\Users\Administrator\Desktop\traffic_accident_project\frames\meta0713\00550\pre_event\00550_pre_05.jpg,80|90|100|110|120,"A pre-crash dashcam traffic scene on a other road, under normal light and clear weather, showing a same-direction center rear-end or forward collision conflict.",same-direction center rear-end or forward collision conflict,Normal,Clear,Other,8
00199.avi,C:\Users\Administrator\Desktop\traffic_accident_project\frames\meta0713\00199\pre_event\00199_pre_01.jpg|C:\Users\Administrator\Desktop\traffic_accident_project\frames\meta0713\00199\pre_event\00199_pre_02.jpg|C:\Users\Administrator\Desktop\traffic_accident_project\frames\meta0713\00199\pre_event\00199_pre_03.jpg|C:\Users\Administrator\Desktop\traffic_accident_project\frames\meta0713\00199\pre_event\00199_pre_04.jpg|C:\Users\Administrator\Desktop\traffic_accident_project\frames\meta0713\00199\pre_event\00199_pre_05.jpg,75|86|98|109|120,"A pre-crash dashcam traffic scene on a sub-urban road, under normal light and clear weather, showing a opposite-direction right-side collision conflict.",opposite-direction right-side collision conflict,Normal,Clear,Sub-urban,1
00025.avi,C:\Users\Administrator\Desktop\traffic_accident_project\frames\meta0713\00025\pre_event\00025_pre_01.jpg|C:\Users\Administrator\Desktop\traffic_accident_project\frames\meta0713\00025\pre_event\00025_pre_02.jpg|C:\Users\Administrator\Desktop\traffic_accident_project\frames\meta0713\00025\pre_event\00025_pre_03.jpg|C:\Users\Administrator\Desktop\traffic_accident_project\frames\meta0713\00025\pre_event\00025_pre_04.jpg|C:\Users\Administrator\Desktop\traffic_accident_project\frames\meta0713\00025\pre_event\00025_pre_05.jpg,74|86|97|108|120,"A pre-crash dashcam traffic scene on a urban road, under normal light and rain weather, showing a same-direction left-front collision conflict.",same-direction left-front collision conflict,Normal,Rain,Urban,7
00309.avi,C:\Users\Administrator\Desktop\traffic_accident_project\frames\meta0713\00309\pre_event\00309_pre_01.jpg|C:\Users\Administrator\Desktop\traffic_accident_project\frames\meta0713\00309\pre_event\00309_pre_02.jpg|C:\Users\Administrator\Desktop\traffic_accident_project\frames\meta0713\00309\pre_event\00309_pre_03.jpg|C:\Users\Administrator\Desktop\traffic_accident_project\frames\meta0713\00309\pre_event\00309_pre_04.jpg|C:\Users\Administrator\Desktop\traffic_accident_project\frames\meta0713\00309\pre_event\00309_pre_05.jpg,96|102|108|114|120,"A pre-crash dashcam traffic scene on a urban road, under normal light and cloudy weather, showing a same-direction right-front collision conflict.",same-direction right-front collision conflict,Normal,Cloudy,Urban,5
00272.avi,C:\Users\Administrator\Desktop\traffic_accident_project\frames\meta0713\00272\pre_event\00272_pre_01.jpg|C:\Users\Administrator\Desktop\traffic_accident_project\frames\meta0713\00272\pre_event\00272_pre_02.jpg|C:\Users\Administrator\Desktop\traffic_accident_project\frames\meta0713\00272\pre_event\00272_pre_03.jpg|C:\Users\Administrator\Desktop\traffic_accident_project\frames\meta0713\00272\pre_event\00272_pre_04.jpg|C:\Users\Administrator\Desktop\traffic_accident_project\frames\meta0713\00272\pre_event\00272_pre_05.jpg,69|82|94|107|120,"A pre-crash dashcam traffic scene on a urban road, under normal light and clear weather, showing a same-direction left-front collision conflict.",same-direction left-front collision conflict,Normal,Clear,Urban,7
00537.avi,C:\Users\Administrator\Desktop\traffic_accident_project\frames\meta0713\00537\pre_event\00537_pre_01.jpg|C:\Users\Administrator\Desktop\traffic_accident_project\frames\meta0713\00537\pre_event\00537_pre_02.jpg|C:\Users\Administrator\Desktop\traffic_accident_project\frames\meta0713\00537\pre_event\00537_pre_03.jpg|C:\Users\Administrator\Desktop\traffic_accident_project\frames\meta0713\00537\pre_event\00537_pre_04.jpg|C:\Users\Administrator\Desktop\traffic_accident_project\frames\meta0713\00537\pre_event\00537_pre_05.jpg,98|104|109|114|120,"A pre-crash dashcam traffic scene on a urban road, under normal light and clear weather, showing a opposite-direction right-side collision conflict.",opposite-direction right-side collision conflict,Normal,Clear,Urban,1
00127.avi,C:\Users\Administrator\Desktop\traffic_accident_project\frames\meta0713\00127\pre_event\00127_pre_01.jpg|C:\Users\Administrator\Desktop\traffic_accident_project\frames\meta0713\00127\pre_event\00127_pre_02.jpg|C:\Users\Administrator\Desktop\traffic_accident_project\frames\meta0713\00127\pre_event\00127_pre_03.jpg|C:\Users\Administrator\Desktop\traffic_accident_project\frames\meta0713\00127\pre_event\00127_pre_04.jpg|C:\Users\Administrator\Desktop\traffic_accident_project\frames\meta0713\00127\pre_event\00127_pre_05.jpg,68|81|94|107|120,"A pre-crash dashcam traffic scene on a urban road, under normal light and clear weather, showing a opposite-direction frontal center collision conflict.",opposite-direction frontal center collision conflict,Normal,Clear,Urban,3
00530.avi,C:\Users\Administrator\Desktop\traffic_accident_project\frames\meta0713\00530\pre_event\00530_pre_01.jpg|C:\Users\Administrator\Desktop\traffic_accident_project\frames\meta0713\00530\pre_event\00530_pre_02.jpg|C:\Users\Administrator\Desktop\traffic_accident_project\frames\meta0713\00530\pre_event\00530_pre_03.jpg|C:\Users\Administrator\Desktop\traffic_accident_project\frames\meta0713\00530\pre_event\00530_pre_04.jpg|C:\Users\Administrator\Desktop\traffic_accident_project\frames\meta0713\00530\pre_event\00530_pre_05.jpg,103|107|112|116|120,"A pre-crash dashcam traffic scene on a highway road, under normal light and cloudy weather, showing a same-direction left-front collision conflict.",same-direction left-front collision conflict,Normal,Cloudy,Highway,7
00007.avi,C:\Users\Administrator\Desktop\traffic_accident_project\frames\meta0713\00007\pre_event\00007_pre_01.jpg|C:\Users\Administrator\Desktop\traffic_accident_project\frames\meta0713\00007\pre_event\00007_pre_02.jpg|C:\Users\Administrator\Desktop\traffic_accident_project\frames\meta0713\00007\pre_event\00007_pre_03.jpg|C:\Users\Administrator\Desktop\traffic_accident_project\frames\meta0713\00007\pre_event\00007_pre_04.jpg|C:\Users\Administrator\Desktop\traffic_accident_project\frames\meta0713\00007\pre_event\00007_pre_05.jpg,69|82|94|107|120,"A pre-crash dashcam traffic scene on a urban road, under normal light and cloudy weather, showing a same-direction center rear-end or forward collision conflict.",same-direction center rear-end or forward collision conflict,Normal,Cloudy,Urban,8
00273.avi,C:\Users\Administrator\Desktop\traffic_accident_project\frames\meta0713\00273\pre_event\00273_pre_01.jpg|C:\Users\Administrator\Desktop\traffic_accident_project\frames\meta0713\00273\pre_event\00273_pre_02.jpg|C:\Users\Administrator\Desktop\traffic_accident_project\frames\meta0713\00273\pre_event\00273_pre_03.jpg|C:\Users\Administrator\Desktop\traffic_accident_project\frames\meta0713\00273\pre_event\00273_pre_04.jpg|C:\Users\Administrator\Desktop\traffic_accident_project\frames\meta0713\00273\pre_event\00273_pre_05.jpg,87|95|104|112|120,"A pre-crash dashcam traffic scene on a urban road, under normal light and rain weather, showing a same-direction left-front collision conflict.",same-direction left-front collision conflict,Normal,Rain,Urban,7
00265.avi,C:\Users\Administrator\Desktop\traffic_accident_project\frames\meta0713\00265\pre_event\00265_pre_01.jpg|C:\Users\Administrator\Desktop\traffic_accident_project\frames\meta0713\00265\pre_event\00265_pre_02.jpg|C:\Users\Administrator\Desktop\traffic_accident_project\frames\meta0713\00265\pre_event\00265_pre_03.jpg|C:\Users\Administrator\Desktop\traffic_accident_project\frames\meta0713\00265\pre_event\00265_pre_04.jpg|C:\Users\Administrator\Desktop\traffic_accident_project\frames\meta0713\00265\pre_event\00265_pre_05.jpg,50|68|85|102|120,"A pre-crash dashcam traffic scene on a urban road, under normal light and cloudy weather, showing a same-direction center rear-end or forward collision conflict.",same-direction center rear-end or forward collision conflict,Normal,Cloudy,Urban,8
00428.avi,C:\Users\Administrator\Desktop\traffic_accident_project\frames\meta0713\00428\pre_event\00428_pre_01.jpg|C:\Users\Administrator\Desktop\traffic_accident_project\frames\meta0713\00428\pre_event\00428_pre_02.jpg|C:\Users\Administrator\Desktop\traffic_accident_project\frames\meta0713\00428\pre_event\00428_pre_03.jpg|C:\Users\Administrator\Desktop\traffic_accident_project\frames\meta0713\00428\pre_event\00428_pre_04.jpg|C:\Users\Administrator\Desktop\traffic_accident_project\frames\meta0713\00428\pre_event\00428_pre_05.jpg,78|88|99|110|120,"A pre-crash dashcam traffic scene on a urban road, under normal light and cloudy weather, showing a same-direction center rear-end or forward collision conflict.",same-direction center rear-end or forward collision conflict,Normal,Cloudy,Urban,8
00474.avi,C:\Users\Administrator\Desktop\traffic_accident_project\frames\meta0713\00474\pre_event\00474_pre_01.jpg|C:\Users\Administrator\Desktop\traffic_accident_project\frames\meta0713\00474\pre_event\00474_pre_02.jpg|C:\Users\Administrator\Desktop\traffic_accident_project\frames\meta0713\00474\pre_event\00474_pre_03.jpg|C:\Users\Administrator\Desktop\traffic_accident_project\frames\meta0713\00474\pre_event\00474_pre_04.jpg|C:\Users\Administrator\Desktop\traffic_accident_project\frames\meta0713\00474\pre_event\00474_pre_05.jpg,69|82|94|107|120,"A pre-crash dashcam traffic scene on a urban road, under twilight light and cloudy weather, showing a same-direction right-front collision conflict.",same-direction right-front collision conflict,Twilight,Cloudy,Urban,5
00118.avi,C:\Users\Administrator\Desktop\traffic_accident_project\frames\meta0713\00118\pre_event\00118_pre_01.jpg|C:\Users\Administrator\Desktop\traffic_accident_project\frames\meta0713\00118\pre_event\00118_pre_02.jpg|C:\Users\Administrator\Desktop\traffic_accident_project\frames\meta0713\00118\pre_event\00118_pre_03.jpg|C:\Users\Administrator\Desktop\traffic_accident_project\frames\meta0713\00118\pre_event\00118_pre_04.jpg|C:\Users\Administrator\Desktop\traffic_accident_project\frames\meta0713\00118\pre_event\00118_pre_05.jpg,93|100|106|113|120,"A pre-crash dashcam traffic scene on a urban road, under normal light and clear weather, showing a same-direction center rear-end or forward collision conflict.",same-direction center rear-end or forward collision conflict,Normal,Clear,Urban,8
00406.avi,C:\Users\Administrator\Desktop\traffic_accident_project\frames\meta0713\00406\pre_event\00406_pre_01.jpg|C:\Users\Administrator\Desktop\traffic_accident_project\frames\meta0713\00406\pre_event\00406_pre_02.jpg|C:\Users\Administrator\Desktop\traffic_accident_project\frames\meta0713\00406\pre_event\00406_pre_03.jpg|C:\Users\Administrator\Desktop\traffic_accident_project\frames\meta0713\00406\pre_event\00406_pre_04.jpg|C:\Users\Administrator\Desktop\traffic_accident_project\frames\meta0713\00406\pre_event\00406_pre_05.jpg,91|98|106|113|120,"A pre-crash dashcam traffic scene on a urban road, under normal light and rain weather, showing a opposite-direction frontal center collision conflict.",opposite-direction frontal center collision conflict,Normal,Rain,Urban,3
00121.avi,C:\Users\Administrator\Desktop\traffic_accident_project\frames\meta0713\00121\pre_event\00121_pre_01.jpg|C:\Users\Administrator\Desktop\traffic_accident_project\frames\meta0713\00121\pre_event\00121_pre_02.jpg|C:\Users\Administrator\Desktop\traffic_accident_project\frames\meta0713\00121\pre_event\00121_pre_03.jpg|C:\Users\Administrator\Desktop\traffic_accident_project\frames\meta0713\00121\pre_event\00121_pre_04.jpg|C:\Users\Administrator\Desktop\traffic_accident_project\frames\meta0713\00121\pre_event\00121_pre_05.jpg,102|106|111|116|120,"A pre-crash dashcam traffic scene on a urban road, under normal light and rain weather, showing a same-direction left-front collision conflict.",same-direction left-front collision conflict,Normal,Rain,Urban,7
00192.avi,C:\Users\Administrator\Desktop\traffic_accident_project\frames\meta0713\00192\pre_event\00192_pre_01.jpg|C:\Users\Administrator\Desktop\traffic_accident_project\frames\meta0713\00192\pre_event\00192_pre_02.jpg|C:\Users\Administrator\Desktop\traffic_accident_project\frames\meta0713\00192\pre_event\00192_pre_03.jpg|C:\Users\Administrator\Desktop\traffic_accident_project\frames\meta0713\00192\pre_event\00192_pre_04.jpg|C:\Users\Administrator\Desktop\traffic_accident_project\frames\meta0713\00192\pre_event\00192_pre_05.jpg,62|76|91|106|120,"A pre-crash dashcam traffic scene on a urban road, under normal light and clear weather, showing a opposite-direction left-side collision conflict.",opposite-direction left-side collision conflict,Normal,Clear,Urban,2
00454.avi,C:\Users\Administrator\Desktop\traffic_accident_project\frames\meta0713\00454\pre_event\00454_pre_01.jpg|C:\Users\Administrator\Desktop\traffic_accident_project\frames\meta0713\00454\pre_event\00454_pre_02.jpg|C:\Users\Administrator\Desktop\traffic_accident_project\frames\meta0713\00454\pre_event\00454_pre_03.jpg|C:\Users\Administrator\Desktop\traffic_accident_project\frames\meta0713\00454\pre_event\00454_pre_04.jpg|C:\Users\Administrator\Desktop\traffic_accident_project\frames\meta0713\00454\pre_event\00454_pre_05.jpg,54|70|87|104|120,"A pre-crash dashcam traffic scene on a urban road, under normal light and clear weather, showing a same-direction right-rear collision conflict.",same-direction right-rear collision conflict,Normal,Clear,Urban,4
00112.avi,C:\Users\Administrator\Desktop\traffic_accident_project\frames\meta0713\00112\pre_event\00112_pre_01.jpg|C:\Users\Administrator\Desktop\traffic_accident_project\frames\meta0713\00112\pre_event\00112_pre_02.jpg|C:\Users\Administrator\Desktop\traffic_accident_project\frames\meta0713\00112\pre_event\00112_pre_03.jpg|C:\Users\Administrator\Desktop\traffic_accident_project\frames\meta0713\00112\pre_event\00112_pre_04.jpg|C:\Users\Administrator\Desktop\traffic_accident_project\frames\meta0713\00112\pre_event\00112_pre_05.jpg,73|85|96|108|120,"A pre-crash dashcam traffic scene on a urban road, under normal light and clear weather, showing a same-direction center rear-end or forward collision conflict.",same-direction center rear-end or forward collision conflict,Normal,Clear,Urban,8
00541.avi,C:\Users\Administrator\Desktop\traffic_accident_project\frames\meta0713\00541\pre_event\00541_pre_01.jpg|C:\Users\Administrator\Desktop\traffic_accident_project\frames\meta0713\00541\pre_event\00541_pre_02.jpg|C:\Users\Administrator\Desktop\traffic_accident_project\frames\meta0713\00541\pre_event\00541_pre_03.jpg|C:\Users\Administrator\Desktop\traffic_accident_project\frames\meta0713\00541\pre_event\00541_pre_04.jpg|C:\Users\Administrator\Desktop\traffic_accident_project\frames\meta0713\00541\pre_event\00541_pre_05.jpg,89|97|104|112|120,"A pre-crash dashcam traffic scene on a urban road, under normal light and cloudy weather, showing a opposite-direction frontal center collision conflict.",opposite-direction frontal center collision conflict,Normal,Cloudy,Urban,3
00325.avi,C:\Users\Administrator\Desktop\traffic_accident_project\frames\meta0713\00325\pre_event\00325_pre_01.jpg|C:\Users\Administrator\Desktop\traffic_accident_project\frames\meta0713\00325\pre_event\00325_pre_02.jpg|C:\Users\Administrator\Desktop\traffic_accident_project\frames\meta0713\00325\pre_event\00325_pre_03.jpg|C:\Users\Administrator\Desktop\traffic_accident_project\frames\meta0713\00325\pre_event\00325_pre_04.jpg|C:\Users\Administrator\Desktop\traffic_accident_project\frames\meta0713\00325\pre_event\00325_pre_05.jpg,87|95|104|112|120,"A pre-crash dashcam traffic scene on a urban road, under normal light and cloudy weather, showing a same-direction center rear-end or forward collision conflict.",same-direction center rear-end or forward collision conflict,Normal,Cloudy,Urban,8
00479.avi,C:\Users\Administrator\Desktop\traffic_accident_project\frames\meta0713\00479\pre_event\00479_pre_01.jpg|C:\Users\Administrator\Desktop\traffic_accident_project\frames\meta0713\00479\pre_event\00479_pre_02.jpg|C:\Users\Administrator\Desktop\traffic_accident_project\frames\meta0713\00479\pre_event\00479_pre_03.jpg|C:\Users\Administrator\Desktop\traffic_accident_project\frames\meta0713\00479\pre_event\00479_pre_04.jpg|C:\Users\Administrator\Desktop\traffic_accident_project\frames\meta0713\00479\pre_event\00479_pre_05.jpg,93|100|106|113|120,"A pre-crash dashcam traffic scene on a sub-urban road, under normal light and cloudy weather, showing a opposite-direction left-side collision conflict.",opposite-direction left-side collision conflict,Normal,Cloudy,Sub-urban,2
00523.avi,C:\Users\Administrator\Desktop\traffic_accident_project\frames\meta0713\00523\pre_event\00523_pre_01.jpg|C:\Users\Administrator\Desktop\traffic_accident_project\frames\meta0713\00523\pre_event\00523_pre_02.jpg|C:\Users\Administrator\Desktop\traffic_accident_project\frames\meta0713\00523\pre_event\00523_pre_03.jpg|C:\Users\Administrator\Desktop\traffic_accident_project\frames\meta0713\00523\pre_event\00523_pre_04.jpg|C:\Users\Administrator\Desktop\traffic_accident_project\frames\meta0713\00523\pre_event\00523_pre_05.jpg,54|70|87|104|120,"A pre-crash dashcam traffic scene on a urban road, under normal light and rain weather, showing a same-direction right-front collision conflict.",same-direction right-front collision conflict,Normal,Rain,Urban,5
00227.avi,C:\Users\Administrator\Desktop\traffic_accident_project\frames\meta0713\00227\pre_event\00227_pre_01.jpg|C:\Users\Administrator\Desktop\traffic_accident_project\frames\meta0713\00227\pre_event\00227_pre_02.jpg|C:\Users\Administrator\Desktop\traffic_accident_project\frames\meta0713\00227\pre_event\00227_pre_03.jpg|C:\Users\Administrator\Desktop\traffic_accident_project\frames\meta0713\00227\pre_event\00227_pre_04.jpg|C:\Users\Administrator\Desktop\traffic_accident_project\frames\meta0713\00227\pre_event\00227_pre_05.jpg,81|91|100|110|120,"A pre-crash dashcam traffic scene on a urban road, under normal light and cloudy weather, showing a same-direction center rear-end or forward collision conflict.",same-direction center rear-end or forward collision conflict,Normal,Cloudy,Urban,8
00154.avi,C:\Users\Administrator\Desktop\traffic_accident_project\frames\meta0713\00154\pre_event\00154_pre_01.jpg|C:\Users\Administrator\Desktop\traffic_accident_project\frames\meta0713\00154\pre_event\00154_pre_02.jpg|C:\Users\Administrator\Desktop\traffic_accident_project\frames\meta0713\00154\pre_event\00154_pre_03.jpg|C:\Users\Administrator\Desktop\traffic_accident_project\frames\meta0713\00154\pre_event\00154_pre_04.jpg|C:\Users\Administrator\Desktop\traffic_accident_project\frames\meta0713\00154\pre_event\00154_pre_05.jpg,32|54|76|98|120,"A pre-crash dashcam traffic scene on a urban road, under normal light and clear weather, showing a opposite-direction right-side collision conflict.",opposite-direction right-side collision conflict,Normal,Clear,Urban,1
00519.avi,C:\Users\Administrator\Desktop\traffic_accident_project\frames\meta0713\00519\pre_event\00519_pre_01.jpg|C:\Users\Administrator\Desktop\traffic_accident_project\frames\meta0713\00519\pre_event\00519_pre_02.jpg|C:\Users\Administrator\Desktop\traffic_accident_project\frames\meta0713\00519\pre_event\00519_pre_03.jpg|C:\Users\Administrator\Desktop\traffic_accident_project\frames\meta0713\00519\pre_event\00519_pre_04.jpg|C:\Users\Administrator\Desktop\traffic_accident_project\frames\meta0713\00519\pre_event\00519_pre_05.jpg,103|107|112|116|120,"A pre-crash dashcam traffic scene on a urban road, under normal light and clear weather, showing a same-direction left-rear collision conflict.",same-direction left-rear collision conflict,Normal,Clear,Urban,6
00262.avi,C:\Users\Administrator\Desktop\traffic_accident_project\frames\meta0713\00262\pre_event\00262_pre_01.jpg|C:\Users\Administrator\Desktop\traffic_accident_project\frames\meta0713\00262\pre_event\00262_pre_02.jpg|C:\Users\Administrator\Desktop\traffic_accident_project\frames\meta0713\00262\pre_event\00262_pre_03.jpg|C:\Users\Administrator\Desktop\traffic_accident_project\frames\meta0713\00262\pre_event\00262_pre_04.jpg|C:\Users\Administrator\Desktop\traffic_accident_project\frames\meta0713\00262\pre_event\00262_pre_05.jpg,1|31|60|90|120,"A pre-crash dashcam traffic scene on a highway road, under normal light and clear weather, showing a opposite-direction frontal center collision conflict.",opposite-direction frontal center collision conflict,Normal,Clear,Highway,3
00391.avi,C:\Users\Administrator\Desktop\traffic_accident_project\frames\meta0713\00391\pre_event\00391_pre_01.jpg|C:\Users\Administrator\Desktop\traffic_accident_project\frames\meta0713\00391\pre_event\00391_pre_02.jpg|C:\Users\Administrator\Desktop\traffic_accident_project\frames\meta0713\00391\pre_event\00391_pre_03.jpg|C:\Users\Administrator\Desktop\traffic_accident_project\frames\meta0713\00391\pre_event\00391_pre_04.jpg|C:\Users\Administrator\Desktop\traffic_accident_project\frames\meta0713\00391\pre_event\00391_pre_05.jpg,102|106|111|116|120,"A pre-crash dashcam traffic scene on a urban road, under normal light and clear weather, showing a same-direction right-front collision conflict.",same-direction right-front collision conflict,Normal,Clear,Urban,5
00533.avi,C:\Users\Administrator\Desktop\traffic_accident_project\frames\meta0713\00533\pre_event\00533_pre_01.jpg|C:\Users\Administrator\Desktop\traffic_accident_project\frames\meta0713\00533\pre_event\00533_pre_02.jpg|C:\Users\Administrator\Desktop\traffic_accident_project\frames\meta0713\00533\pre_event\00533_pre_03.jpg|C:\Users\Administrator\Desktop\traffic_accident_project\frames\meta0713\00533\pre_event\00533_pre_04.jpg|C:\Users\Administrator\Desktop\traffic_accident_project\frames\meta0713\00533\pre_event\00533_pre_05.jpg,45|64|82|101|120,"A pre-crash dashcam traffic scene on a other road, under twilight light and clear weather, showing a same-direction left-rear collision conflict.",same-direction left-rear collision conflict,Twilight,Clear,Other,6
